stream,query,template,s_time,e_time,elapsed_time,diff_time
1,1,query83.tpl,2024-06-27 05:07:08,2024-06-27 05:07:08,00:00:00.106669,0.106669
1,2,../query_postgresql/query32.tpl,2024-06-27 05:07:08,2024-06-27 05:07:09,00:00:00.041554,0.041554
4,1,query79.tpl,2024-06-27 05:07:08,2024-06-27 05:07:09,00:00:00.309947,0.309947
2,1,query56.tpl,2024-06-27 05:07:08,2024-06-27 05:07:09,00:00:00.498919,0.498919
2,2,../query_postgresql/query98.tpl,2024-06-27 05:07:09,2024-06-27 05:07:09,00:00:00.148319,0.148319
3,1,query89.tpl,2024-06-27 05:07:08,2024-06-27 05:07:09,00:00:00.759496,0.759496
2,3,query59.tpl,2024-06-27 05:07:09,2024-06-27 05:07:10,00:00:00.966368,0.966368
2,4,query24.tpl,2024-06-27 05:07:10,2024-06-27 05:07:12,00:00:01.564173,1.564173
3,2,../query_postgresql/query5.tpl,2024-06-27 05:07:09,2024-06-27 05:07:12,00:00:02.576154,2.576154
3,3,query52.tpl,2024-06-27 05:07:12,2024-06-27 05:07:12,00:00:00.191821,0.191821
3,4,query62.tpl,2024-06-27 05:07:12,2024-06-27 05:07:12,00:00:00.229732,0.229732
3,5,query53.tpl,2024-06-27 05:07:12,2024-06-27 05:07:12,00:00:00.192227,0.192227
3,6,query7.tpl,2024-06-27 05:07:12,2024-06-27 05:07:13,00:00:01.009471,1.009471
2,5,query88.tpl,2024-06-27 05:07:12,2024-06-27 05:07:14,00:00:02.137304,2.137304
4,2,query39.tpl,2024-06-27 05:07:09,2024-06-27 05:07:14,00:00:05.012452,5.012452
4,3,query93.tpl,2024-06-27 05:07:14,2024-06-27 05:07:14,00:00:00.11981,0.119810
2,6,../query_postgresql/query2.tpl,2024-06-27 05:07:14,2024-06-27 05:07:14,00:00:00.771015,0.771015
4,4,query41.tpl,2024-06-27 05:07:14,2024-06-27 05:07:15,00:00:01.046148,1.046148
4,5,query29.tpl,2024-06-27 05:07:15,2024-06-27 05:07:16,00:00:00.702993,0.702993
4,6,../query_postgresql/query32.tpl,2024-06-27 05:07:16,2024-06-27 05:07:16,00:00:00.030534,0.030534
4,7,query66.tpl,2024-06-27 05:07:16,2024-06-27 05:07:16,00:00:00.416945,0.416945
4,8,query84.tpl,2024-06-27 05:07:16,2024-06-27 05:07:16,00:00:00.087826,0.087826
4,9,query8.tpl,2024-06-27 05:07:16,2024-06-27 05:07:16,00:00:00.131222,0.131222
4,10,query71.tpl,2024-06-27 05:07:16,2024-06-27 05:07:17,00:00:00.331579,0.331579
4,11,query45.tpl,2024-06-27 05:07:17,2024-06-27 05:07:17,00:00:00.123476,0.123476
2,7,../query_postgresql/query5.tpl,2024-06-27 05:07:14,2024-06-27 05:07:17,00:00:02.546114,2.546114
4,12,query89.tpl,2024-06-27 05:07:17,2024-06-27 05:07:17,00:00:00.562449,0.562449
4,13,query91.tpl,2024-06-27 05:07:17,2024-06-27 05:07:17,00:00:00.024247,0.024247
3,7,query39.tpl,2024-06-27 05:07:13,2024-06-27 05:07:18,00:00:04.943381,4.943381
3,8,../query_postgresql/query80.tpl,2024-06-27 05:07:18,2024-06-27 05:07:19,00:00:00.290524,0.290524
3,9,query63.tpl,2024-06-27 05:07:19,2024-06-27 05:07:19,00:00:00.218753,0.218753
3,10,query72.tpl,2024-06-27 05:07:19,2024-06-27 05:07:19,00:00:00.569771,0.569771
3,11,query18.tpl,2024-06-27 05:07:19,2024-06-27 05:07:20,00:00:00.797566,0.797566
3,12,query56.tpl,2024-06-27 05:07:20,2024-06-27 05:07:21,00:00:00.535672,0.535672
3,13,query13.tpl,2024-06-27 05:07:21,2024-06-27 05:07:21,00:00:00.337812,0.337812
3,14,query69.tpl,2024-06-27 05:07:21,2024-06-27 05:07:21,00:00:00.132304,0.132304
1,3,query30.tpl,2024-06-27 05:07:09,2024-06-27 05:07:25,00:00:16.557246,16.557246
1,4,../query_postgresql/query92.tpl,2024-06-27 05:07:25,2024-06-27 05:07:25,00:00:00.03665,0.036650
1,5,query66.tpl,2024-06-27 05:07:25,2024-06-27 05:07:26,00:00:00.468496,0.468496
1,6,query84.tpl,2024-06-27 05:07:26,2024-06-27 05:07:26,00:00:00.092641,0.092641
1,7,../query_postgresql/query98.tpl,2024-06-27 05:07:26,2024-06-27 05:07:26,00:00:00.141656,0.141656
1,8,query58.tpl,2024-06-27 05:07:26,2024-06-27 05:07:26,00:00:00.08784,0.087840
1,9,../query_postgresql/query16.tpl,2024-06-27 05:07:26,2024-06-27 05:07:27,00:00:00.821201,0.821201
1,10,../query_postgresql/query77.tpl,2024-06-27 05:07:27,2024-06-27 05:07:27,00:00:00.233376,0.233376
1,11,../query_postgresql/query40.tpl,2024-06-27 05:07:27,2024-06-27 05:07:27,00:00:00.068148,0.068148
1,12,query96.tpl,2024-06-27 05:07:27,2024-06-27 05:07:27,00:00:00.327663,0.327663
1,13,query13.tpl,2024-06-27 05:07:27,2024-06-27 05:07:28,00:00:00.349497,0.349497
1,14,../query_variants/query36a.tpl,2024-06-27 05:07:28,2024-06-27 05:07:29,00:00:01.112168,1.112168
3,30,query4.tpl,2024-06-27 05:21:59,2024-06-27 06:24:10,01:02:10.915028,3730.915028
3,15,../query_postgresql/query23.tpl,2024-06-27 05:07:21,2024-06-27 05:07:31,00:00:09.572039,9.572039
3,16,query19.tpl,2024-06-27 05:07:31,2024-06-27 05:07:31,00:00:00.228421,0.228421
4,14,../query_postgresql/query14.tpl,2024-06-27 05:07:17,2024-06-27 05:07:54,00:00:36.209324,36.209324
4,15,query46.tpl,2024-06-27 05:07:54,2024-06-27 05:07:54,00:00:00.502865,0.502865
4,16,query58.tpl,2024-06-27 05:07:54,2024-06-27 05:07:54,00:00:00.081246,0.081246
4,17,query48.tpl,2024-06-27 05:07:54,2024-06-27 05:07:55,00:00:00.481312,0.481312
4,18,query59.tpl,2024-06-27 05:07:55,2024-06-27 05:07:55,00:00:00.916294,0.916294
4,19,../query_postgresql/query2.tpl,2024-06-27 05:07:55,2024-06-27 05:07:56,00:00:00.765035,0.765035
4,20,query83.tpl,2024-06-27 05:07:56,2024-06-27 05:07:56,00:00:00.074074,0.074074
4,21,../query_postgresql/query21.tpl,2024-06-27 05:07:56,2024-06-27 05:07:57,00:00:00.653589,0.653589
4,22,query78.tpl,2024-06-27 05:07:57,2024-06-27 05:08:00,00:00:03.027228,3.027228
4,23,../query_postgresql/query40.tpl,2024-06-27 05:08:00,2024-06-27 05:08:00,00:00:00.066588,0.066588
4,24,query99.tpl,2024-06-27 05:08:00,2024-06-27 05:08:00,00:00:00.404983,0.404983
4,25,query19.tpl,2024-06-27 05:08:00,2024-06-27 05:08:01,00:00:00.227932,0.227932
2,8,query6.tpl,2024-06-27 05:07:17,2024-06-27 05:09:04,00:01:46.796855,106.796855
1,42,query35.tpl,2024-06-27 05:12:55,2024-06-27 05:12:55,00:00:00.551245,0.551245
1,43,query68.tpl,2024-06-27 05:12:55,2024-06-27 05:12:56,00:00:00.267311,0.267311
1,44,query24.tpl,2024-06-27 05:12:56,2024-06-27 05:12:56,00:00:00.021952,0.021952
1,45,query75.tpl,2024-06-27 05:12:56,2024-06-27 05:12:57,00:00:01.646255,1.646255
3,17,query74.tpl,2024-06-27 05:07:31,2024-06-27 05:20:59,00:13:28.331129,808.331129
3,18,query30.tpl,2024-06-27 05:20:59,2024-06-27 05:21:17,00:00:17.268878,17.268878
3,19,query84.tpl,2024-06-27 05:21:17,2024-06-27 05:21:17,00:00:00.085971,0.085971
3,20,query96.tpl,2024-06-27 05:21:17,2024-06-27 05:21:17,00:00:00.324104,0.324104
3,21,../query_postgresql/query14.tpl,2024-06-27 05:21:17,2024-06-27 05:21:46,00:00:29.483698,29.483698
3,22,query10.tpl,2024-06-27 05:21:46,2024-06-27 05:21:55,00:00:08.366448,8.366448
3,23,../query_postgresql/query86.tpl,2024-06-27 05:21:55,2024-06-27 05:21:55,00:00:00.304038,0.304038
3,24,../query_postgresql/query94.tpl,2024-06-27 05:21:55,2024-06-27 05:21:55,00:00:00.143844,0.143844
3,25,query8.tpl,2024-06-27 05:21:55,2024-06-27 05:21:55,00:00:00.126168,0.126168
3,26,query87.tpl,2024-06-27 05:21:55,2024-06-27 05:21:58,00:00:02.224892,2.224892
3,27,query58.tpl,2024-06-27 05:21:58,2024-06-27 05:21:58,00:00:00.078828,0.078828
3,28,../query_variants/query36a.tpl,2024-06-27 05:21:58,2024-06-27 05:21:59,00:00:01.123258,1.123258
3,29,../query_postgresql/query37.tpl,2024-06-27 05:21:59,2024-06-27 05:21:59,00:00:00.010686,0.010686
1,46,query11.tpl,2024-06-27 05:12:57,2024-06-27 05:48:40,00:35:43.086706,2143.086706
3,31,query38.tpl,2024-06-27 06:24:10,2024-06-27 06:24:12,00:00:02.242077,2.242077
3,32,query66.tpl,2024-06-27 06:24:12,2024-06-27 06:24:12,00:00:00.409515,0.409515
4,76,query25.tpl,2024-06-27 06:32:31,2024-06-27 06:32:32,00:00:01.526211,1.526211
4,77,../query_postgresql/query20.tpl,2024-06-27 06:32:32,2024-06-27 06:32:32,00:00:00.050555,0.050555
4,78,query65.tpl,2024-06-27 06:32:32,2024-06-27 06:32:33,00:00:01.083439,1.083439
1,53,query60.tpl,2024-06-27 06:52:01,2024-06-27 06:52:02,00:00:00.376065,0.376065
1,54,query97.tpl,2024-06-27 06:52:02,2024-06-27 06:52:03,00:00:00.980525,0.980525
1,96,query56.tpl,2024-06-27 06:56:32,2024-06-27 06:56:33,00:00:00.582121,0.582121
-1,-1,THROUGHPUT1,2024-06-27 05:07:08,2024-06-27 07:10:41,02:03:32.232196,7412.232196
8,51,query30.tpl,2024-06-27 07:26:28,2024-06-27 07:26:44,00:00:16.107368,16.107368
8,52,../query_postgresql/query94.tpl,2024-06-27 07:26:44,2024-06-27 07:26:44,00:00:00.198929,0.198929
8,53,query97.tpl,2024-06-27 07:26:44,2024-06-27 07:26:45,00:00:00.948027,0.948027
5,71,query96.tpl,2024-06-27 09:03:16,2024-06-27 09:03:16,00:00:00.31811,0.318110
-1,-1,DATAMAINT2,2024-06-27 09:08:22,2024-06-27 09:09:04,00:00:41.520357,41.520357
4,26,query72.tpl,2024-06-27 05:08:01,2024-06-27 05:08:01,00:00:00.483187,0.483187
4,27,query6.tpl,2024-06-27 05:08:01,2024-06-27 05:09:50,00:01:48.626636,108.626636
4,42,query55.tpl,2024-06-27 05:25:23,2024-06-27 05:25:23,00:00:00.047339,0.047339
4,43,query51.tpl,2024-06-27 05:25:23,2024-06-27 05:25:25,00:00:01.429961,1.429961
4,44,query17.tpl,2024-06-27 05:25:25,2024-06-27 05:25:28,00:00:02.712083,2.712083
4,45,query52.tpl,2024-06-27 05:25:28,2024-06-27 05:25:28,00:00:00.195805,0.195805
4,46,query90.tpl,2024-06-27 05:25:28,2024-06-27 05:25:28,00:00:00.018731,0.018731
4,47,query22.tpl,2024-06-27 05:25:28,2024-06-27 05:25:33,00:00:04.888238,4.888238
4,48,query27.tpl,2024-06-27 05:25:33,2024-06-27 05:25:34,00:00:00.876308,0.876308
4,49,query63.tpl,2024-06-27 05:25:34,2024-06-27 05:25:34,00:00:00.193753,0.193753
4,50,query38.tpl,2024-06-27 05:25:34,2024-06-27 05:25:36,00:00:02.234503,2.234503
4,51,query18.tpl,2024-06-27 05:25:36,2024-06-27 05:25:37,00:00:00.720594,0.720594
4,52,query24.tpl,2024-06-27 05:25:37,2024-06-27 05:25:38,00:00:00.851214,0.851214
4,53,../query_postgresql/query37.tpl,2024-06-27 05:25:38,2024-06-27 05:25:38,00:00:00.009669,0.009669
4,54,query47.tpl,2024-06-27 05:25:38,2024-06-27 05:25:39,00:00:01.914636,1.914636
4,55,query10.tpl,2024-06-27 05:25:39,2024-06-27 05:25:48,00:00:08.119221,8.119221
4,56,../query_postgresql/query70.tpl,2024-06-27 05:25:48,2024-06-27 05:25:49,00:00:01.040745,1.040745
4,57,../query_postgresql/query23.tpl,2024-06-27 05:25:49,2024-06-27 05:25:56,00:00:07.637798,7.637798
4,58,query7.tpl,2024-06-27 05:25:56,2024-06-27 05:25:57,00:00:01.013396,1.013396
4,59,../query_postgresql/query92.tpl,2024-06-27 05:25:57,2024-06-27 05:25:57,00:00:00.019423,0.019423
4,60,query54.tpl,2024-06-27 05:25:57,2024-06-27 05:25:58,00:00:00.420236,0.420236
4,61,../query_postgresql/query82.tpl,2024-06-27 05:25:58,2024-06-27 05:25:58,00:00:00.008418,0.008418
4,62,query76.tpl,2024-06-27 05:25:58,2024-06-27 05:25:58,00:00:00.482228,0.482228
4,63,../query_postgresql/query80.tpl,2024-06-27 05:25:58,2024-06-27 05:25:58,00:00:00.289596,0.289596
4,64,query56.tpl,2024-06-27 05:25:58,2024-06-27 05:25:59,00:00:00.594118,0.594118
4,65,query96.tpl,2024-06-27 05:25:59,2024-06-27 05:25:59,00:00:00.321051,0.321051
4,66,query50.tpl,2024-06-27 05:25:59,2024-06-27 05:25:59,00:00:00.045083,0.045083
4,67,query85.tpl,2024-06-27 05:25:59,2024-06-27 05:26:00,00:00:00.12911,0.129110
4,68,../query_postgresql/query86.tpl,2024-06-27 05:26:00,2024-06-27 05:26:00,00:00:00.303516,0.303516
4,69,query69.tpl,2024-06-27 05:26:00,2024-06-27 05:26:00,00:00:00.122386,0.122386
4,70,query68.tpl,2024-06-27 05:26:00,2024-06-27 05:26:00,00:00:00.272884,0.272884
4,71,query1.tpl,2024-06-27 05:26:00,2024-06-27 05:29:29,00:03:28.620187,208.620187
4,72,../query_postgresql/query12.tpl,2024-06-27 05:29:29,2024-06-27 05:29:29,00:00:00.026605,0.026605
4,73,query43.tpl,2024-06-27 05:29:29,2024-06-27 05:29:29,00:00:00.535981,0.535981
4,74,../query_postgresql/query16.tpl,2024-06-27 05:29:29,2024-06-27 05:29:30,00:00:00.691882,0.691882
2,24,query17.tpl,2024-06-27 05:48:27,2024-06-27 05:48:29,00:00:02.804825,2.804825
2,25,query63.tpl,2024-06-27 05:48:29,2024-06-27 05:48:30,00:00:00.179709,0.179709
2,26,../query_postgresql/query77.tpl,2024-06-27 05:48:30,2024-06-27 05:48:30,00:00:00.221986,0.221986
2,27,query19.tpl,2024-06-27 05:48:30,2024-06-27 05:48:30,00:00:00.210922,0.210922
2,28,../query_postgresql/query21.tpl,2024-06-27 05:48:30,2024-06-27 05:48:31,00:00:00.653564,0.653564
2,29,query31.tpl,2024-06-27 05:48:31,2024-06-27 05:48:42,00:00:10.959816,10.959816
2,30,query93.tpl,2024-06-27 05:48:42,2024-06-27 05:48:42,00:00:00.094325,0.094325
2,31,query54.tpl,2024-06-27 05:48:42,2024-06-27 05:48:42,00:00:00.181908,0.181908
1,47,query67.tpl,2024-06-27 05:48:40,2024-06-27 05:48:43,00:00:02.072148,2.072148
1,48,query9.tpl,2024-06-27 05:48:43,2024-06-27 05:48:45,00:00:02.258129,2.258129
1,49,query25.tpl,2024-06-27 05:48:45,2024-06-27 05:48:46,00:00:01.366327,1.366327
1,50,../query_postgresql/query37.tpl,2024-06-27 05:48:46,2024-06-27 05:48:46,00:00:00.007936,0.007936
1,51,../query_postgresql/query86.tpl,2024-06-27 05:48:46,2024-06-27 05:48:46,00:00:00.29632,0.296320
2,32,query39.tpl,2024-06-27 05:48:42,2024-06-27 05:48:47,00:00:04.87754,4.877540
2,33,query10.tpl,2024-06-27 05:48:47,2024-06-27 05:48:54,00:00:07.163489,7.163489
2,34,query15.tpl,2024-06-27 05:48:54,2024-06-27 05:48:54,00:00:00.158765,0.158765
2,35,query55.tpl,2024-06-27 05:48:54,2024-06-27 05:48:54,00:00:00.049818,0.049818
2,36,../query_postgresql/query14.tpl,2024-06-27 05:48:54,2024-06-27 05:49:23,00:00:29.320563,29.320563
4,75,query4.tpl,2024-06-27 05:29:30,2024-06-27 06:32:31,01:03:00.453046,3780.453046
1,52,query4.tpl,2024-06-27 05:48:46,2024-06-27 06:52:01,01:03:14.662317,3794.662317
1,97,query42.tpl,2024-06-27 06:56:33,2024-06-27 06:56:33,00:00:00.183807,0.183807
1,98,query39.tpl,2024-06-27 06:56:33,2024-06-27 06:56:38,00:00:04.954912,4.954912
3,75,query93.tpl,2024-06-27 07:07:01,2024-06-27 07:07:01,00:00:00.000991,0.000991
3,76,query9.tpl,2024-06-27 07:07:01,2024-06-27 07:07:03,00:00:02.218374,2.218374
3,77,query65.tpl,2024-06-27 07:07:03,2024-06-27 07:07:04,00:00:01.094097,1.094097
3,78,query71.tpl,2024-06-27 07:07:04,2024-06-27 07:07:04,00:00:00.342091,0.342091
3,79,query57.tpl,2024-06-27 07:07:04,2024-06-27 07:07:06,00:00:01.633126,1.633126
3,80,../query_postgresql/query32.tpl,2024-06-27 07:07:06,2024-06-27 07:07:06,00:00:00.030525,0.030525
3,81,query61.tpl,2024-06-27 07:07:06,2024-06-27 07:07:06,00:00:00.003543,0.003543
3,82,query85.tpl,2024-06-27 07:07:06,2024-06-27 07:07:06,00:00:00.121739,0.121739
3,83,query73.tpl,2024-06-27 07:07:06,2024-06-27 07:07:06,00:00:00.196008,0.196008
3,84,../query_postgresql/query98.tpl,2024-06-27 07:07:06,2024-06-27 07:07:07,00:00:00.132093,0.132093
3,85,../query_postgresql/query77.tpl,2024-06-27 07:07:07,2024-06-27 07:07:07,00:00:00.229202,0.229202
3,86,query45.tpl,2024-06-27 07:07:07,2024-06-27 07:07:07,00:00:00.119995,0.119995
3,87,../query_postgresql/query20.tpl,2024-06-27 07:07:07,2024-06-27 07:07:07,00:00:00.048998,0.048998
3,88,query50.tpl,2024-06-27 07:07:07,2024-06-27 07:07:07,00:00:00.035838,0.035838
3,89,../query_postgresql/query70.tpl,2024-06-27 07:07:07,2024-06-27 07:07:08,00:00:01.032691,1.032691
3,90,query75.tpl,2024-06-27 07:07:08,2024-06-27 07:07:10,00:00:01.631062,1.631062
3,91,query91.tpl,2024-06-27 07:07:10,2024-06-27 07:07:10,00:00:00.022456,0.022456
3,92,query17.tpl,2024-06-27 07:07:10,2024-06-27 07:07:11,00:00:01.183404,1.183404
3,93,query24.tpl,2024-06-27 07:07:11,2024-06-27 07:07:12,00:00:00.832485,0.832485
3,94,query48.tpl,2024-06-27 07:07:12,2024-06-27 07:07:12,00:00:00.458735,0.458735
3,95,query51.tpl,2024-06-27 07:07:12,2024-06-27 07:07:14,00:00:01.445245,1.445245
1,99,query74.tpl,2024-06-27 06:56:38,2024-06-27 07:10:41,00:14:02.446307,842.446307
8,54,query55.tpl,2024-06-27 07:26:45,2024-06-27 07:26:45,00:00:00.051455,0.051455
8,55,query72.tpl,2024-06-27 07:26:45,2024-06-27 07:26:46,00:00:00.518209,0.518209
8,56,../query_postgresql/query95.tpl,2024-06-27 07:26:46,2024-06-27 07:27:44,00:00:58.030807,58.030807
8,57,../query_postgresql/query86.tpl,2024-06-27 07:27:44,2024-06-27 07:27:44,00:00:00.292411,0.292411
8,58,query39.tpl,2024-06-27 07:27:44,2024-06-27 07:27:49,00:00:04.944857,4.944857
8,59,query17.tpl,2024-06-27 07:27:49,2024-06-27 07:27:52,00:00:02.729329,2.729329
8,60,query42.tpl,2024-06-27 07:27:52,2024-06-27 07:27:52,00:00:00.18063,0.180630
8,61,query85.tpl,2024-06-27 07:27:52,2024-06-27 07:27:52,00:00:00.13157,0.131570
8,62,query9.tpl,2024-06-27 07:27:52,2024-06-27 07:27:55,00:00:02.261025,2.261025
8,63,../query_postgresql/query32.tpl,2024-06-27 07:27:55,2024-06-27 07:27:55,00:00:00.028694,0.028694
6,88,query81.tpl,2024-06-27 09:04:33,2024-06-27 09:05:43,00:01:09.479223,69.479223
6,89,query43.tpl,2024-06-27 09:05:43,2024-06-27 09:05:43,00:00:00.529025,0.529025
6,90,query52.tpl,2024-06-27 09:05:43,2024-06-27 09:05:44,00:00:00.184374,0.184374
6,91,query13.tpl,2024-06-27 09:05:44,2024-06-27 09:05:44,00:00:00.29131,0.291310
1,15,../query_postgresql/query95.tpl,2024-06-27 05:07:29,2024-06-27 05:09:03,00:01:34.089141,94.089141
1,16,query63.tpl,2024-06-27 05:09:03,2024-06-27 05:09:03,00:00:00.221179,0.221179
1,17,query99.tpl,2024-06-27 05:09:03,2024-06-27 05:09:04,00:00:00.412577,0.412577
1,18,query3.tpl,2024-06-27 05:09:04,2024-06-27 05:09:04,00:00:00.010122,0.010122
2,9,query27.tpl,2024-06-27 05:09:04,2024-06-27 05:09:05,00:00:00.926127,0.926127
2,10,query87.tpl,2024-06-27 05:09:05,2024-06-27 05:09:07,00:00:02.238141,2.238141
2,11,query90.tpl,2024-06-27 05:09:07,2024-06-27 05:09:07,00:00:00.018833,0.018833
2,12,query83.tpl,2024-06-27 05:09:07,2024-06-27 05:09:07,00:00:00.074511,0.074511
2,13,query91.tpl,2024-06-27 05:09:07,2024-06-27 05:09:07,00:00:00.024377,0.024377
2,14,query28.tpl,2024-06-27 05:09:07,2024-06-27 05:09:09,00:00:01.583186,1.583186
2,15,query68.tpl,2024-06-27 05:09:09,2024-06-27 05:09:09,00:00:00.279458,0.279458
2,16,query8.tpl,2024-06-27 05:09:09,2024-06-27 05:09:09,00:00:00.130775,0.130775
2,17,query76.tpl,2024-06-27 05:09:09,2024-06-27 05:09:10,00:00:00.47983,0.479830
2,18,query75.tpl,2024-06-27 05:09:10,2024-06-27 05:09:11,00:00:01.748097,1.748097
2,19,../query_postgresql/query80.tpl,2024-06-27 05:09:11,2024-06-27 05:09:12,00:00:00.288395,0.288395
4,28,query28.tpl,2024-06-27 05:09:50,2024-06-27 05:09:51,00:00:01.585318,1.585318
1,19,query6.tpl,2024-06-27 05:09:04,2024-06-27 05:10:47,00:01:43.137632,103.137632
1,20,../query_postgresql/query12.tpl,2024-06-27 05:10:47,2024-06-27 05:10:47,00:00:00.027515,0.027515
1,21,query28.tpl,2024-06-27 05:10:47,2024-06-27 05:10:48,00:00:01.582957,1.582957
1,22,query85.tpl,2024-06-27 05:10:48,2024-06-27 05:10:48,00:00:00.126956,0.126956
1,23,query51.tpl,2024-06-27 05:10:48,2024-06-27 05:10:50,00:00:01.449463,1.449463
1,24,query41.tpl,2024-06-27 05:10:50,2024-06-27 05:10:51,00:00:00.987278,0.987278
1,25,query27.tpl,2024-06-27 05:10:51,2024-06-27 05:10:52,00:00:00.89922,0.899220
1,26,query78.tpl,2024-06-27 05:10:52,2024-06-27 05:10:54,00:00:02.601618,2.601618
1,27,query8.tpl,2024-06-27 05:10:54,2024-06-27 05:10:55,00:00:00.133517,0.133517
4,29,query81.tpl,2024-06-27 05:09:51,2024-06-27 05:11:03,00:01:11.268205,71.268205
4,30,query44.tpl,2024-06-27 05:11:03,2024-06-27 05:11:04,00:00:00.961864,0.961864
4,31,query97.tpl,2024-06-27 05:11:04,2024-06-27 05:11:05,00:00:00.971205,0.971205
4,32,query88.tpl,2024-06-27 05:11:05,2024-06-27 05:11:07,00:00:02.134782,2.134782
4,33,../query_postgresql/query77.tpl,2024-06-27 05:11:07,2024-06-27 05:11:07,00:00:00.239909,0.239909
1,28,../query_postgresql/query14.tpl,2024-06-27 05:10:55,2024-06-27 05:11:33,00:00:38.533199,38.533199
1,29,query50.tpl,2024-06-27 05:11:33,2024-06-27 05:11:33,00:00:00.035186,0.035186
1,30,query52.tpl,2024-06-27 05:11:33,2024-06-27 05:11:33,00:00:00.194249,0.194249
4,34,../query_postgresql/query95.tpl,2024-06-27 05:11:07,2024-06-27 05:11:39,00:00:31.780389,31.780389
4,35,query33.tpl,2024-06-27 05:11:39,2024-06-27 05:11:39,00:00:00.18544,0.185440
4,36,../query_variants/query36a.tpl,2024-06-27 05:11:39,2024-06-27 05:11:40,00:00:01.080608,1.080608
4,37,query61.tpl,2024-06-27 05:11:40,2024-06-27 05:11:40,00:00:00.003525,0.003525
4,38,query35.tpl,2024-06-27 05:11:40,2024-06-27 05:11:41,00:00:00.548813,0.548813
4,39,query60.tpl,2024-06-27 05:11:41,2024-06-27 05:11:41,00:00:00.384471,0.384471
4,40,query75.tpl,2024-06-27 05:11:41,2024-06-27 05:11:43,00:00:01.647094,1.647094
2,20,query1.tpl,2024-06-27 05:09:12,2024-06-27 05:12:42,00:03:29.908611,209.908611
2,21,query69.tpl,2024-06-27 05:12:42,2024-06-27 05:12:42,00:00:00.122885,0.122885
2,22,query26.tpl,2024-06-27 05:12:42,2024-06-27 05:12:42,00:00:00.64724,0.647240
1,31,query81.tpl,2024-06-27 05:11:33,2024-06-27 05:12:47,00:01:13.471573,73.471573
1,32,../query_postgresql/query5.tpl,2024-06-27 05:12:47,2024-06-27 05:12:49,00:00:02.535663,2.535663
1,33,query26.tpl,2024-06-27 05:12:49,2024-06-27 05:12:50,00:00:00.660386,0.660386
1,34,query57.tpl,2024-06-27 05:12:50,2024-06-27 05:12:52,00:00:01.632861,1.632861
1,35,../query_postgresql/query82.tpl,2024-06-27 05:12:52,2024-06-27 05:12:52,00:00:00.008313,0.008313
1,36,query69.tpl,2024-06-27 05:12:52,2024-06-27 05:12:52,00:00:00.123937,0.123937
1,37,query54.tpl,2024-06-27 05:12:52,2024-06-27 05:12:52,00:00:00.17551,0.175510
1,38,query61.tpl,2024-06-27 05:12:52,2024-06-27 05:12:52,00:00:00.00368,0.003680
1,39,query88.tpl,2024-06-27 05:12:52,2024-06-27 05:12:54,00:00:02.118297,2.118297
1,40,query18.tpl,2024-06-27 05:12:54,2024-06-27 05:12:55,00:00:00.743548,0.743548
1,41,../query_postgresql/query94.tpl,2024-06-27 05:12:55,2024-06-27 05:12:55,00:00:00.142281,0.142281
4,41,query74.tpl,2024-06-27 05:11:43,2024-06-27 05:25:23,00:13:40.735957,820.735957
2,23,query11.tpl,2024-06-27 05:12:42,2024-06-27 05:48:27,00:35:44.297885,2144.297885
3,33,query78.tpl,2024-06-27 06:24:12,2024-06-27 06:24:15,00:00:02.968764,2.968764
3,34,query43.tpl,2024-06-27 06:24:15,2024-06-27 06:24:16,00:00:00.532974,0.532974
3,35,query22.tpl,2024-06-27 06:24:16,2024-06-27 06:24:21,00:00:04.909139,4.909139
3,36,../query_postgresql/query21.tpl,2024-06-27 06:24:21,2024-06-27 06:24:21,00:00:00.64174,0.641740
3,37,query97.tpl,2024-06-27 06:24:21,2024-06-27 06:24:22,00:00:00.976486,0.976486
3,38,query47.tpl,2024-06-27 06:24:22,2024-06-27 06:24:24,00:00:01.890802,1.890802
3,39,query29.tpl,2024-06-27 06:24:24,2024-06-27 06:24:25,00:00:01.102253,1.102253
3,40,query3.tpl,2024-06-27 06:24:25,2024-06-27 06:24:25,00:00:00.016633,0.016633
3,41,query76.tpl,2024-06-27 06:24:25,2024-06-27 06:24:26,00:00:00.464877,0.464877
3,42,../query_postgresql/query82.tpl,2024-06-27 06:24:26,2024-06-27 06:24:26,00:00:00.012577,0.012577
3,43,query46.tpl,2024-06-27 06:24:26,2024-06-27 06:24:26,00:00:00.49704,0.497040
3,44,query41.tpl,2024-06-27 06:24:26,2024-06-27 06:24:27,00:00:00.987783,0.987783
3,45,query59.tpl,2024-06-27 06:24:27,2024-06-27 06:24:28,00:00:00.913876,0.913876
3,46,../query_postgresql/query40.tpl,2024-06-27 06:24:28,2024-06-27 06:24:28,00:00:00.062966,0.062966
3,47,query55.tpl,2024-06-27 06:24:28,2024-06-27 06:24:29,00:00:00.193245,0.193245
3,48,../query_postgresql/query16.tpl,2024-06-27 06:24:29,2024-06-27 06:24:29,00:00:00.621316,0.621316
3,49,query27.tpl,2024-06-27 06:24:29,2024-06-27 06:24:30,00:00:00.864986,0.864986
3,50,query54.tpl,2024-06-27 06:24:30,2024-06-27 06:24:30,00:00:00.165251,0.165251
3,51,query90.tpl,2024-06-27 06:24:30,2024-06-27 06:24:30,00:00:00.018511,0.018511
3,52,../query_postgresql/query92.tpl,2024-06-27 06:24:30,2024-06-27 06:24:30,00:00:00.020278,0.020278
3,53,query31.tpl,2024-06-27 06:24:30,2024-06-27 06:24:39,00:00:08.973711,8.973711
3,54,query42.tpl,2024-06-27 06:24:39,2024-06-27 06:24:39,00:00:00.191652,0.191652
8,64,query34.tpl,2024-06-27 07:27:55,2024-06-27 07:27:55,00:00:00.380588,0.380588
2,68,query51.tpl,2024-06-27 06:54:24,2024-06-27 06:54:26,00:00:01.431881,1.431881
2,69,../query_variants/query36a.tpl,2024-06-27 06:54:26,2024-06-27 06:54:27,00:00:01.083077,1.083077
2,70,query43.tpl,2024-06-27 06:54:27,2024-06-27 06:54:27,00:00:00.53366,0.533660
2,71,query64.tpl,2024-06-27 06:54:27,2024-06-27 06:54:29,00:00:01.844951,1.844951
2,72,../query_postgresql/query20.tpl,2024-06-27 06:54:29,2024-06-27 06:54:29,00:00:00.050079,0.050079
2,73,query57.tpl,2024-06-27 06:54:29,2024-06-27 06:54:31,00:00:01.598036,1.598036
2,74,query9.tpl,2024-06-27 06:54:31,2024-06-27 06:54:33,00:00:02.276989,2.276989
2,75,query52.tpl,2024-06-27 06:54:33,2024-06-27 06:54:33,00:00:00.194495,0.194495
2,76,../query_postgresql/query49.tpl,2024-06-27 06:54:33,2024-06-27 06:54:33,00:00:00.114445,0.114445
2,77,query71.tpl,2024-06-27 06:54:33,2024-06-27 06:54:34,00:00:00.345215,0.345215
8,65,query79.tpl,2024-06-27 07:27:55,2024-06-27 07:27:55,00:00:00.226793,0.226793
8,66,query54.tpl,2024-06-27 07:27:55,2024-06-27 07:27:56,00:00:00.42585,0.425850
8,67,../query_postgresql/query77.tpl,2024-06-27 07:27:56,2024-06-27 07:27:56,00:00:00.231818,0.231818
8,68,query45.tpl,2024-06-27 07:27:56,2024-06-27 07:27:56,00:00:00.116363,0.116363
8,91,query13.tpl,2024-06-27 09:05:30,2024-06-27 09:05:30,00:00:00.309799,0.309799
8,92,query48.tpl,2024-06-27 09:05:30,2024-06-27 09:05:30,00:00:00.452229,0.452229
2,37,query38.tpl,2024-06-27 05:49:23,2024-06-27 05:49:26,00:00:02.22158,2.221580
2,38,query42.tpl,2024-06-27 05:49:26,2024-06-27 05:49:26,00:00:00.192289,0.192289
2,39,query53.tpl,2024-06-27 05:49:26,2024-06-27 05:49:26,00:00:00.189168,0.189168
2,40,query45.tpl,2024-06-27 05:49:26,2024-06-27 05:49:26,00:00:00.115516,0.115516
2,41,query99.tpl,2024-06-27 05:49:26,2024-06-27 05:49:27,00:00:00.405122,0.405122
2,42,query67.tpl,2024-06-27 05:49:27,2024-06-27 05:49:29,00:00:02.065497,2.065497
2,43,../query_postgresql/query23.tpl,2024-06-27 05:49:29,2024-06-27 05:49:38,00:00:09.506811,9.506811
2,44,query62.tpl,2024-06-27 05:49:38,2024-06-27 05:49:38,00:00:00.235776,0.235776
2,45,query30.tpl,2024-06-27 05:49:38,2024-06-27 05:49:55,00:00:16.101565,16.101565
2,46,../query_postgresql/query86.tpl,2024-06-27 05:49:55,2024-06-27 05:49:55,00:00:00.298233,0.298233
2,47,../query_postgresql/query82.tpl,2024-06-27 05:49:55,2024-06-27 05:49:55,00:00:00.020026,0.020026
2,48,query25.tpl,2024-06-27 05:49:55,2024-06-27 05:49:57,00:00:01.825943,1.825943
2,49,../query_postgresql/query16.tpl,2024-06-27 05:49:57,2024-06-27 05:49:57,00:00:00.649102,0.649102
2,50,query81.tpl,2024-06-27 05:49:57,2024-06-27 05:51:08,00:01:11.163134,71.163134
2,51,../query_postgresql/query40.tpl,2024-06-27 05:51:08,2024-06-27 05:51:09,00:00:00.062374,0.062374
2,52,query44.tpl,2024-06-27 05:51:09,2024-06-27 05:51:09,00:00:00.95341,0.953410
2,53,query50.tpl,2024-06-27 05:51:09,2024-06-27 05:51:10,00:00:00.038697,0.038697
2,54,query61.tpl,2024-06-27 05:51:10,2024-06-27 05:51:10,00:00:00.00341,0.003410
2,55,query85.tpl,2024-06-27 05:51:10,2024-06-27 05:51:10,00:00:00.121366,0.121366
2,56,query73.tpl,2024-06-27 05:51:10,2024-06-27 05:51:10,00:00:00.196437,0.196437
2,57,../query_postgresql/query95.tpl,2024-06-27 05:51:10,2024-06-27 05:51:17,00:00:07.586946,7.586946
2,58,query84.tpl,2024-06-27 05:51:17,2024-06-27 05:51:18,00:00:00.086487,0.086487
3,55,query26.tpl,2024-06-27 06:24:39,2024-06-27 06:24:40,00:00:00.651011,0.651011
3,56,query34.tpl,2024-06-27 06:24:40,2024-06-27 06:24:40,00:00:00.377315,0.377315
3,57,query68.tpl,2024-06-27 06:24:40,2024-06-27 06:24:41,00:00:00.264536,0.264536
3,58,../query_postgresql/query2.tpl,2024-06-27 06:24:41,2024-06-27 06:24:42,00:00:00.755212,0.755212
3,59,query44.tpl,2024-06-27 06:24:42,2024-06-27 06:24:42,00:00:00.951963,0.951963
3,60,query81.tpl,2024-06-27 06:24:42,2024-06-27 06:25:56,00:01:13.343105,73.343105
3,61,query67.tpl,2024-06-27 06:25:56,2024-06-27 06:25:58,00:00:02.056779,2.056779
3,62,query99.tpl,2024-06-27 06:25:58,2024-06-27 06:25:58,00:00:00.405103,0.405103
3,63,query6.tpl,2024-06-27 06:25:58,2024-06-27 06:27:49,00:01:50.868995,110.868995
3,64,query83.tpl,2024-06-27 06:27:49,2024-06-27 06:27:49,00:00:00.061237,0.061237
3,65,query1.tpl,2024-06-27 06:27:49,2024-06-27 06:31:19,00:03:29.567552,209.567552
3,66,query60.tpl,2024-06-27 06:31:19,2024-06-27 06:31:19,00:00:00.264706,0.264706
3,67,query33.tpl,2024-06-27 06:31:19,2024-06-27 06:31:19,00:00:00.164589,0.164589
4,79,query15.tpl,2024-06-27 06:32:33,2024-06-27 06:32:33,00:00:00.157013,0.157013
4,80,../query_postgresql/query98.tpl,2024-06-27 06:32:33,2024-06-27 06:32:34,00:00:00.127387,0.127387
4,81,query42.tpl,2024-06-27 06:32:34,2024-06-27 06:32:34,00:00:00.181122,0.181122
4,82,query26.tpl,2024-06-27 06:32:34,2024-06-27 06:32:34,00:00:00.656438,0.656438
4,83,query34.tpl,2024-06-27 06:32:34,2024-06-27 06:32:35,00:00:00.385932,0.385932
4,84,../query_postgresql/query5.tpl,2024-06-27 06:32:35,2024-06-27 06:32:37,00:00:02.541878,2.541878
4,85,query87.tpl,2024-06-27 06:32:37,2024-06-27 06:32:40,00:00:02.241812,2.241812
4,86,query3.tpl,2024-06-27 06:32:40,2024-06-27 06:32:40,00:00:00.0131,0.013100
4,87,query64.tpl,2024-06-27 06:32:40,2024-06-27 06:32:40,00:00:00.536452,0.536452
4,88,query31.tpl,2024-06-27 06:32:40,2024-06-27 06:32:51,00:00:10.915358,10.915358
4,89,query57.tpl,2024-06-27 06:32:51,2024-06-27 06:32:53,00:00:01.511027,1.511027
4,90,query30.tpl,2024-06-27 06:32:53,2024-06-27 06:33:08,00:00:15.565482,15.565482
4,91,query13.tpl,2024-06-27 06:33:08,2024-06-27 06:33:08,00:00:00.32454,0.324540
4,92,../query_postgresql/query94.tpl,2024-06-27 06:33:08,2024-06-27 06:33:09,00:00:00.170478,0.170478
4,93,query62.tpl,2024-06-27 06:33:09,2024-06-27 06:33:09,00:00:00.231065,0.231065
4,94,../query_postgresql/query49.tpl,2024-06-27 06:33:09,2024-06-27 06:33:09,00:00:00.112176,0.112176
1,55,query33.tpl,2024-06-27 06:52:03,2024-06-27 06:52:03,00:00:00.184369,0.184369
1,56,query79.tpl,2024-06-27 06:52:03,2024-06-27 06:52:03,00:00:00.266523,0.266523
1,57,query43.tpl,2024-06-27 06:52:03,2024-06-27 06:52:03,00:00:00.531244,0.531244
1,58,../query_postgresql/query80.tpl,2024-06-27 06:52:03,2024-06-27 06:52:04,00:00:00.289006,0.289006
1,59,query93.tpl,2024-06-27 06:52:04,2024-06-27 06:52:04,00:00:00.093029,0.093029
1,60,query31.tpl,2024-06-27 06:52:04,2024-06-27 06:52:15,00:00:11.08523,11.085230
1,61,query47.tpl,2024-06-27 06:52:15,2024-06-27 06:52:17,00:00:01.909247,1.909247
1,62,query17.tpl,2024-06-27 06:52:17,2024-06-27 06:52:18,00:00:01.169771,1.169771
1,63,query19.tpl,2024-06-27 06:52:18,2024-06-27 06:52:18,00:00:00.208638,0.208638
8,69,query28.tpl,2024-06-27 07:27:56,2024-06-27 07:27:58,00:00:01.575392,1.575392
2,59,query4.tpl,2024-06-27 05:51:18,2024-06-27 06:54:17,01:02:59.533849,3779.533849
2,60,../query_postgresql/query37.tpl,2024-06-27 06:54:17,2024-06-27 06:54:17,00:00:00.009399,0.009399
2,61,query35.tpl,2024-06-27 06:54:17,2024-06-27 06:54:18,00:00:00.542095,0.542095
2,62,../query_postgresql/query94.tpl,2024-06-27 06:54:18,2024-06-27 06:54:18,00:00:00.222221,0.222221
2,63,query58.tpl,2024-06-27 06:54:18,2024-06-27 06:54:18,00:00:00.08365,0.083650
2,64,query96.tpl,2024-06-27 06:54:18,2024-06-27 06:54:18,00:00:00.320501,0.320501
2,65,../query_postgresql/query12.tpl,2024-06-27 06:54:18,2024-06-27 06:54:18,00:00:00.026328,0.026328
2,66,query29.tpl,2024-06-27 06:54:18,2024-06-27 06:54:19,00:00:01.092202,1.092202
2,67,query22.tpl,2024-06-27 06:54:19,2024-06-27 06:54:24,00:00:04.869432,4.869432
3,68,query11.tpl,2024-06-27 06:31:19,2024-06-27 07:06:11,00:34:51.768554,2091.768554
4,95,query11.tpl,2024-06-27 06:33:09,2024-06-27 07:08:10,00:35:00.952477,2100.952477
8,70,query11.tpl,2024-06-27 07:27:58,2024-06-27 08:01:47,00:33:49.634802,2029.634802
5,4,query17.tpl,2024-06-27 08:11:04,2024-06-27 08:11:05,00:00:01.160848,1.160848
5,5,query60.tpl,2024-06-27 08:11:05,2024-06-27 08:11:06,00:00:00.870291,0.870291
5,6,../query_postgresql/query98.tpl,2024-06-27 08:11:06,2024-06-27 08:11:06,00:00:00.125325,0.125325
5,7,query88.tpl,2024-06-27 08:11:06,2024-06-27 08:11:08,00:00:02.104719,2.104719
5,8,../query_postgresql/query2.tpl,2024-06-27 08:11:08,2024-06-27 08:11:09,00:00:00.751364,0.751364
5,9,query19.tpl,2024-06-27 08:11:09,2024-06-27 08:11:09,00:00:00.056664,0.056664
5,10,query65.tpl,2024-06-27 08:11:09,2024-06-27 08:11:10,00:00:01.053943,1.053943
5,11,query3.tpl,2024-06-27 08:11:10,2024-06-27 08:11:10,00:00:00.009831,0.009831
5,12,query79.tpl,2024-06-27 08:11:10,2024-06-27 08:11:10,00:00:00.155376,0.155376
5,13,query13.tpl,2024-06-27 08:11:10,2024-06-27 08:11:10,00:00:00.317611,0.317611
5,14,../query_postgresql/query21.tpl,2024-06-27 08:11:10,2024-06-27 08:11:11,00:00:00.661893,0.661893
5,15,query51.tpl,2024-06-27 08:11:11,2024-06-27 08:11:12,00:00:01.427161,1.427161
5,16,query6.tpl,2024-06-27 08:11:12,2024-06-27 08:13:01,00:01:48.820442,108.820442
2,78,query72.tpl,2024-06-27 06:54:34,2024-06-27 06:54:34,00:00:00.491964,0.491964
2,79,../query_postgresql/query70.tpl,2024-06-27 06:54:34,2024-06-27 06:54:35,00:00:01.041998,1.041998
2,80,query7.tpl,2024-06-27 06:54:35,2024-06-27 06:54:36,00:00:01.00359,1.003590
2,81,query97.tpl,2024-06-27 06:54:36,2024-06-27 06:54:37,00:00:00.973124,0.973124
2,82,query33.tpl,2024-06-27 06:54:37,2024-06-27 06:54:37,00:00:00.168858,0.168858
2,83,query79.tpl,2024-06-27 06:54:37,2024-06-27 06:54:38,00:00:00.156806,0.156806
2,84,../query_postgresql/query32.tpl,2024-06-27 06:54:38,2024-06-27 06:54:38,00:00:00.027343,0.027343
2,85,query78.tpl,2024-06-27 06:54:38,2024-06-27 06:54:40,00:00:02.614516,2.614516
2,86,query18.tpl,2024-06-27 06:54:40,2024-06-27 06:54:41,00:00:00.746364,0.746364
2,87,query65.tpl,2024-06-27 06:54:41,2024-06-27 06:54:42,00:00:01.060906,1.060906
2,88,query60.tpl,2024-06-27 06:54:42,2024-06-27 06:54:42,00:00:00.422229,0.422229
2,89,query34.tpl,2024-06-27 06:54:42,2024-06-27 06:54:43,00:00:00.386525,0.386525
2,90,query3.tpl,2024-06-27 06:54:43,2024-06-27 06:54:43,00:00:00.010422,0.010422
2,91,query13.tpl,2024-06-27 06:54:43,2024-06-27 06:54:43,00:00:00.308516,0.308516
2,92,query41.tpl,2024-06-27 06:54:43,2024-06-27 06:54:44,00:00:00.605679,0.605679
2,93,../query_postgresql/query92.tpl,2024-06-27 06:54:44,2024-06-27 06:54:44,00:00:00.018063,0.018063
1,64,query1.tpl,2024-06-27 06:52:18,2024-06-27 06:55:53,00:03:34.803903,214.803903
1,65,query64.tpl,2024-06-27 06:55:53,2024-06-27 06:55:54,00:00:00.528502,0.528502
1,66,query53.tpl,2024-06-27 06:55:54,2024-06-27 06:55:54,00:00:00.213242,0.213242
1,67,query55.tpl,2024-06-27 06:55:54,2024-06-27 06:55:54,00:00:00.192719,0.192719
1,68,query46.tpl,2024-06-27 06:55:54,2024-06-27 06:55:54,00:00:00.505647,0.505647
1,69,../query_postgresql/query21.tpl,2024-06-27 06:55:54,2024-06-27 06:55:55,00:00:00.635279,0.635279
1,70,query15.tpl,2024-06-27 06:55:55,2024-06-27 06:55:55,00:00:00.158205,0.158205
1,71,../query_postgresql/query20.tpl,2024-06-27 06:55:55,2024-06-27 06:55:55,00:00:00.050765,0.050765
1,72,query65.tpl,2024-06-27 06:55:55,2024-06-27 06:55:56,00:00:01.094838,1.094838
1,73,../query_postgresql/query70.tpl,2024-06-27 06:55:56,2024-06-27 06:55:57,00:00:01.048921,1.048921
1,74,../query_postgresql/query49.tpl,2024-06-27 06:55:57,2024-06-27 06:55:58,00:00:00.112947,0.112947
1,75,query59.tpl,2024-06-27 06:55:58,2024-06-27 06:55:59,00:00:00.90924,0.909240
1,76,query48.tpl,2024-06-27 06:55:59,2024-06-27 06:55:59,00:00:00.46187,0.461870
1,77,query72.tpl,2024-06-27 06:55:59,2024-06-27 06:56:00,00:00:00.542387,0.542387
1,78,query87.tpl,2024-06-27 06:56:00,2024-06-27 06:56:02,00:00:02.225849,2.225849
1,79,query34.tpl,2024-06-27 06:56:02,2024-06-27 06:56:02,00:00:00.385567,0.385567
1,80,../query_postgresql/query2.tpl,2024-06-27 06:56:02,2024-06-27 06:56:03,00:00:00.762869,0.762869
1,81,query38.tpl,2024-06-27 06:56:03,2024-06-27 06:56:05,00:00:02.228083,2.228083
1,82,query22.tpl,2024-06-27 06:56:05,2024-06-27 06:56:10,00:00:04.771295,4.771295
1,83,query89.tpl,2024-06-27 06:56:10,2024-06-27 06:56:11,00:00:00.628923,0.628923
1,84,query7.tpl,2024-06-27 06:56:11,2024-06-27 06:56:12,00:00:01.024948,1.024948
1,85,query10.tpl,2024-06-27 06:56:12,2024-06-27 06:56:20,00:00:08.553742,8.553742
1,86,query90.tpl,2024-06-27 06:56:20,2024-06-27 06:56:20,00:00:00.018838,0.018838
1,87,query71.tpl,2024-06-27 06:56:20,2024-06-27 06:56:20,00:00:00.34642,0.346420
1,88,query29.tpl,2024-06-27 06:56:20,2024-06-27 06:56:22,00:00:01.097507,1.097507
1,89,query73.tpl,2024-06-27 06:56:22,2024-06-27 06:56:22,00:00:00.195294,0.195294
1,90,query45.tpl,2024-06-27 06:56:22,2024-06-27 06:56:22,00:00:00.121205,0.121205
1,91,query91.tpl,2024-06-27 06:56:22,2024-06-27 06:56:22,00:00:00.021412,0.021412
1,92,query62.tpl,2024-06-27 06:56:22,2024-06-27 06:56:22,00:00:00.231495,0.231495
1,93,query44.tpl,2024-06-27 06:56:22,2024-06-27 06:56:22,00:00:00.251197,0.251197
1,94,query76.tpl,2024-06-27 06:56:22,2024-06-27 06:56:23,00:00:00.462964,0.462964
1,95,../query_postgresql/query23.tpl,2024-06-27 06:56:23,2024-06-27 06:56:32,00:00:09.517201,9.517201
3,69,query28.tpl,2024-06-27 07:06:11,2024-06-27 07:06:13,00:00:01.578873,1.578873
3,70,../query_postgresql/query95.tpl,2024-06-27 07:06:13,2024-06-27 07:06:58,00:00:45.719627,45.719627
3,71,../query_postgresql/query12.tpl,2024-06-27 07:06:58,2024-06-27 07:06:58,00:00:00.030298,0.030298
3,72,query64.tpl,2024-06-27 07:06:58,2024-06-27 07:06:59,00:00:00.536155,0.536155
3,73,query15.tpl,2024-06-27 07:06:59,2024-06-27 07:06:59,00:00:00.159844,0.159844
3,74,query25.tpl,2024-06-27 07:06:59,2024-06-27 07:07:01,00:00:01.83596,1.835960
6,15,query11.tpl,2024-06-27 07:11:34,2024-06-27 07:45:56,00:34:22.74474,2062.744740
2,94,query74.tpl,2024-06-27 06:54:44,2024-06-27 07:08:34,00:13:50.572405,830.572405
6,16,../query_postgresql/query80.tpl,2024-06-27 07:45:57,2024-06-27 07:45:57,00:00:00.282901,0.282901
6,17,query9.tpl,2024-06-27 07:45:57,2024-06-27 07:45:59,00:00:02.25754,2.257540
6,18,query93.tpl,2024-06-27 07:45:59,2024-06-27 07:45:59,00:00:00.095232,0.095232
6,19,../query_postgresql/query32.tpl,2024-06-27 07:45:59,2024-06-27 07:45:59,00:00:00.027772,0.027772
6,20,query89.tpl,2024-06-27 07:45:59,2024-06-27 07:46:00,00:00:00.642814,0.642814
6,21,query28.tpl,2024-06-27 07:46:00,2024-06-27 07:46:01,00:00:01.56822,1.568220
6,22,query87.tpl,2024-06-27 07:46:01,2024-06-27 07:46:04,00:00:02.163903,2.163903
6,23,query18.tpl,2024-06-27 07:46:04,2024-06-27 07:46:04,00:00:00.7207,0.720700
6,24,query74.tpl,2024-06-27 07:46:04,2024-06-27 07:57:08,00:11:03.346854,663.346854
6,25,query6.tpl,2024-06-27 07:57:08,2024-06-27 07:58:44,00:01:36.450898,96.450898
6,26,query65.tpl,2024-06-27 07:58:44,2024-06-27 07:58:45,00:00:01.161748,1.161748
6,27,query84.tpl,2024-06-27 07:58:45,2024-06-27 07:58:45,00:00:00.085078,0.085078
6,28,../query_postgresql/query14.tpl,2024-06-27 07:58:45,2024-06-27 07:59:15,00:00:29.194364,29.194364
6,29,query38.tpl,2024-06-27 07:59:15,2024-06-27 07:59:17,00:00:02.168385,2.168385
6,30,query24.tpl,2024-06-27 07:59:17,2024-06-27 07:59:17,00:00:00.024112,0.024112
6,31,query42.tpl,2024-06-27 07:59:17,2024-06-27 07:59:17,00:00:00.182694,0.182694
6,32,query29.tpl,2024-06-27 07:59:17,2024-06-27 07:59:18,00:00:01.051739,1.051739
6,33,query72.tpl,2024-06-27 07:59:18,2024-06-27 07:59:18,00:00:00.539407,0.539407
6,34,../query_postgresql/query23.tpl,2024-06-27 07:59:18,2024-06-27 07:59:28,00:00:09.313998,9.313998
5,17,../query_postgresql/query49.tpl,2024-06-27 08:13:01,2024-06-27 08:13:01,00:00:00.116722,0.116722
5,18,query52.tpl,2024-06-27 08:13:01,2024-06-27 08:13:01,00:00:00.171275,0.171275
5,19,query7.tpl,2024-06-27 08:13:01,2024-06-27 08:13:02,00:00:00.968916,0.968916
5,20,query56.tpl,2024-06-27 08:13:02,2024-06-27 08:13:03,00:00:00.575755,0.575755
8,93,query99.tpl,2024-06-27 09:05:30,2024-06-27 09:05:31,00:00:00.392155,0.392155
8,94,query27.tpl,2024-06-27 09:05:31,2024-06-27 09:05:32,00:00:00.84395,0.843950
8,95,query18.tpl,2024-06-27 09:05:32,2024-06-27 09:05:32,00:00:00.730309,0.730309
8,96,query15.tpl,2024-06-27 09:05:32,2024-06-27 09:05:33,00:00:00.153481,0.153481
8,97,query33.tpl,2024-06-27 09:05:33,2024-06-27 09:05:33,00:00:00.161082,0.161082
8,98,query31.tpl,2024-06-27 09:05:33,2024-06-27 09:05:42,00:00:08.915849,8.915849
8,99,query63.tpl,2024-06-27 09:05:42,2024-06-27 09:05:42,00:00:00.210044,0.210044
3,96,query79.tpl,2024-06-27 07:07:14,2024-06-27 07:07:14,00:00:00.152679,0.152679
3,97,query35.tpl,2024-06-27 07:07:14,2024-06-27 07:07:14,00:00:00.547981,0.547981
3,98,query88.tpl,2024-06-27 07:07:14,2024-06-27 07:07:16,00:00:02.129706,2.129706
3,99,../query_postgresql/query49.tpl,2024-06-27 07:07:16,2024-06-27 07:07:17,00:00:00.114915,0.114915
4,96,query73.tpl,2024-06-27 07:08:10,2024-06-27 07:08:10,00:00:00.199447,0.199447
4,97,query67.tpl,2024-06-27 07:08:10,2024-06-27 07:08:12,00:00:02.078256,2.078256
4,98,query53.tpl,2024-06-27 07:08:12,2024-06-27 07:08:12,00:00:00.185885,0.185885
4,99,query9.tpl,2024-06-27 07:08:12,2024-06-27 07:08:15,00:00:02.219655,2.219655
2,95,query46.tpl,2024-06-27 07:08:34,2024-06-27 07:08:35,00:00:00.506777,0.506777
2,96,query89.tpl,2024-06-27 07:08:35,2024-06-27 07:08:35,00:00:00.542376,0.542376
2,97,query47.tpl,2024-06-27 07:08:35,2024-06-27 07:08:37,00:00:01.915252,1.915252
2,98,query66.tpl,2024-06-27 07:08:37,2024-06-27 07:08:38,00:00:00.405812,0.405812
2,99,query48.tpl,2024-06-27 07:08:38,2024-06-27 07:08:38,00:00:00.465602,0.465602
-1,-1,DATAMAINT1,2024-06-27 07:10:41,2024-06-27 07:11:23,00:00:42.338813,42.338813
5,1,query73.tpl,2024-06-27 07:11:23,2024-06-27 07:11:23,00:00:00.266496,0.266496
6,1,query34.tpl,2024-06-27 07:11:23,2024-06-27 07:11:23,00:00:00.44035,0.440350
5,2,query66.tpl,2024-06-27 07:11:23,2024-06-27 07:11:24,00:00:00.456498,0.456498
7,1,../query_postgresql/query70.tpl,2024-06-27 07:11:23,2024-06-27 07:11:24,00:00:01.159421,1.159421
7,2,query53.tpl,2024-06-27 07:11:24,2024-06-27 07:11:24,00:00:00.249568,0.249568
7,3,../query_postgresql/query92.tpl,2024-06-27 07:11:24,2024-06-27 07:11:24,00:00:00.020651,0.020651
8,1,query57.tpl,2024-06-27 07:11:23,2024-06-27 07:11:25,00:00:01.684791,1.684791
7,4,query99.tpl,2024-06-27 07:11:24,2024-06-27 07:11:25,00:00:00.41486,0.414860
6,2,query88.tpl,2024-06-27 07:11:23,2024-06-27 07:11:26,00:00:02.162414,2.162414
8,2,query29.tpl,2024-06-27 07:11:25,2024-06-27 07:11:26,00:00:01.296174,1.296174
6,3,query44.tpl,2024-06-27 07:11:26,2024-06-27 07:11:27,00:00:00.977369,0.977369
6,4,../query_postgresql/query94.tpl,2024-06-27 07:11:27,2024-06-27 07:11:27,00:00:00.16419,0.164190
6,5,query50.tpl,2024-06-27 07:11:27,2024-06-27 07:11:27,00:00:00.052138,0.052138
8,3,query24.tpl,2024-06-27 07:11:26,2024-06-27 07:11:27,00:00:01.180982,1.180982
8,4,query76.tpl,2024-06-27 07:11:27,2024-06-27 07:11:28,00:00:00.476354,0.476354
8,5,../query_postgresql/query37.tpl,2024-06-27 07:11:28,2024-06-27 07:11:28,00:00:00.009005,0.009005
8,6,query66.tpl,2024-06-27 07:11:28,2024-06-27 07:11:28,00:00:00.419706,0.419706
8,7,query60.tpl,2024-06-27 07:11:28,2024-06-27 07:11:29,00:00:00.390912,0.390912
8,8,../query_postgresql/query98.tpl,2024-06-27 07:11:29,2024-06-27 07:11:29,00:00:00.125364,0.125364
8,9,../query_postgresql/query80.tpl,2024-06-27 07:11:29,2024-06-27 07:11:29,00:00:00.292635,0.292635
8,10,../query_postgresql/query12.tpl,2024-06-27 07:11:29,2024-06-27 07:11:29,00:00:00.028847,0.028847
6,6,../query_postgresql/query5.tpl,2024-06-27 07:11:27,2024-06-27 07:11:29,00:00:02.501213,2.501213
6,7,query53.tpl,2024-06-27 07:11:29,2024-06-27 07:11:30,00:00:00.311693,0.311693
8,11,query59.tpl,2024-06-27 07:11:29,2024-06-27 07:11:30,00:00:00.976305,0.976305
6,8,query7.tpl,2024-06-27 07:11:30,2024-06-27 07:11:31,00:00:01.010568,1.010568
6,9,query58.tpl,2024-06-27 07:11:31,2024-06-27 07:11:31,00:00:00.076176,0.076176
6,10,../query_postgresql/query20.tpl,2024-06-27 07:11:31,2024-06-27 07:11:31,00:00:00.048101,0.048101
8,12,../query_postgresql/query70.tpl,2024-06-27 07:11:30,2024-06-27 07:11:31,00:00:01.047984,1.047984
8,13,query91.tpl,2024-06-27 07:11:31,2024-06-27 07:11:31,00:00:00.023212,0.023212
8,14,query69.tpl,2024-06-27 07:11:31,2024-06-27 07:11:31,00:00:00.010515,0.010515
8,15,../query_postgresql/query40.tpl,2024-06-27 07:11:31,2024-06-27 07:11:31,00:00:00.065551,0.065551
8,16,../query_postgresql/query2.tpl,2024-06-27 07:11:31,2024-06-27 07:11:32,00:00:00.762839,0.762839
6,11,query75.tpl,2024-06-27 07:11:31,2024-06-27 07:11:32,00:00:01.649459,1.649459
8,17,../query_postgresql/query16.tpl,2024-06-27 07:11:32,2024-06-27 07:11:33,00:00:00.717911,0.717911
6,12,query73.tpl,2024-06-27 07:11:32,2024-06-27 07:11:33,00:00:00.193215,0.193215
6,13,query91.tpl,2024-06-27 07:11:33,2024-06-27 07:11:33,00:00:00.023987,0.023987
8,18,query44.tpl,2024-06-27 07:11:33,2024-06-27 07:11:34,00:00:00.961261,0.961261
6,14,../query_variants/query36a.tpl,2024-06-27 07:11:33,2024-06-27 07:11:34,00:00:01.096444,1.096444
6,92,query76.tpl,2024-06-27 09:05:44,2024-06-27 09:05:44,00:00:00.458791,0.458791
7,5,query31.tpl,2024-06-27 07:11:25,2024-06-27 07:11:35,00:00:10.521389,10.521389
8,19,../query_postgresql/query5.tpl,2024-06-27 07:11:34,2024-06-27 07:11:36,00:00:02.504594,2.504594
8,20,query73.tpl,2024-06-27 07:11:36,2024-06-27 07:11:36,00:00:00.197901,0.197901
7,6,query39.tpl,2024-06-27 07:11:35,2024-06-27 07:11:41,00:00:05.197282,5.197282
7,7,query29.tpl,2024-06-27 07:11:41,2024-06-27 07:11:42,00:00:01.171277,1.171277
7,8,../query_postgresql/query32.tpl,2024-06-27 07:11:42,2024-06-27 07:11:42,00:00:00.026962,0.026962
6,93,query17.tpl,2024-06-27 09:05:44,2024-06-27 09:05:47,00:00:02.705863,2.705863
5,3,query4.tpl,2024-06-27 07:11:24,2024-06-27 08:11:04,00:59:39.796661,3579.796661
6,94,query25.tpl,2024-06-27 09:05:47,2024-06-27 09:05:49,00:00:01.797384,1.797384
-1,-1,THROUGHPUT2,2024-06-27 07:11:23,2024-06-27 09:08:22,01:56:59.404055,7019.404055
8,21,../query_postgresql/query14.tpl,2024-06-27 07:11:36,2024-06-27 07:12:13,00:00:36.956014,36.956014
8,22,query71.tpl,2024-06-27 07:12:13,2024-06-27 07:12:14,00:00:00.361218,0.361218
8,23,query3.tpl,2024-06-27 07:12:14,2024-06-27 07:12:14,00:00:00.011727,0.011727
8,24,../query_postgresql/query49.tpl,2024-06-27 07:12:14,2024-06-27 07:12:14,00:00:00.115977,0.115977
8,25,query84.tpl,2024-06-27 07:12:14,2024-06-27 07:12:14,00:00:00.085662,0.085662
8,26,query64.tpl,2024-06-27 07:12:14,2024-06-27 07:12:14,00:00:00.551559,0.551559
8,27,query7.tpl,2024-06-27 07:12:14,2024-06-27 07:12:15,00:00:01.013328,1.013328
8,28,../query_variants/query36a.tpl,2024-06-27 07:12:15,2024-06-27 07:12:16,00:00:01.074078,1.074078
8,29,query61.tpl,2024-06-27 07:12:16,2024-06-27 07:12:16,00:00:00.003633,0.003633
8,30,query41.tpl,2024-06-27 07:12:16,2024-06-27 07:12:17,00:00:00.93936,0.939360
8,31,query35.tpl,2024-06-27 07:12:17,2024-06-27 07:12:18,00:00:00.549671,0.549671
8,32,query50.tpl,2024-06-27 07:12:18,2024-06-27 07:12:18,00:00:00.045402,0.045402
8,33,query65.tpl,2024-06-27 07:12:18,2024-06-27 07:12:19,00:00:01.089556,1.089556
8,34,query51.tpl,2024-06-27 07:12:19,2024-06-27 07:12:20,00:00:01.429931,1.429931
8,35,query78.tpl,2024-06-27 07:12:20,2024-06-27 07:12:23,00:00:02.980419,2.980419
8,36,../query_postgresql/query21.tpl,2024-06-27 07:12:23,2024-06-27 07:12:24,00:00:00.660654,0.660654
8,37,query67.tpl,2024-06-27 07:12:24,2024-06-27 07:12:26,00:00:02.069064,2.069064
8,38,query22.tpl,2024-06-27 07:12:26,2024-06-27 07:12:31,00:00:04.951224,4.951224
8,39,query81.tpl,2024-06-27 07:12:31,2024-06-27 07:13:43,00:01:12.181031,72.181031
8,40,query93.tpl,2024-06-27 07:13:43,2024-06-27 07:13:43,00:00:00.001022,0.001022
8,41,query25.tpl,2024-06-27 07:13:43,2024-06-27 07:13:45,00:00:01.513556,1.513556
8,42,query26.tpl,2024-06-27 07:13:45,2024-06-27 07:13:45,00:00:00.647562,0.647562
8,43,query90.tpl,2024-06-27 07:13:45,2024-06-27 07:13:45,00:00:00.018878,0.018878
8,44,query74.tpl,2024-06-27 07:13:45,2024-06-27 07:24:44,00:10:58.812071,658.812071
6,35,query26.tpl,2024-06-27 07:59:28,2024-06-27 07:59:28,00:00:00.637209,0.637209
6,36,query69.tpl,2024-06-27 07:59:28,2024-06-27 07:59:28,00:00:00.010654,0.010654
6,37,query47.tpl,2024-06-27 07:59:28,2024-06-27 07:59:30,00:00:01.777219,1.777219
6,38,../query_postgresql/query82.tpl,2024-06-27 07:59:30,2024-06-27 07:59:30,00:00:00.014507,0.014507
6,39,query31.tpl,2024-06-27 07:59:30,2024-06-27 07:59:41,00:00:11.238659,11.238659
6,40,query59.tpl,2024-06-27 07:59:41,2024-06-27 07:59:42,00:00:00.908372,0.908372
6,41,../query_postgresql/query49.tpl,2024-06-27 07:59:42,2024-06-27 07:59:42,00:00:00.11148,0.111480
6,42,query33.tpl,2024-06-27 07:59:42,2024-06-27 07:59:43,00:00:00.162631,0.162631
6,43,../query_postgresql/query86.tpl,2024-06-27 07:59:43,2024-06-27 07:59:43,00:00:00.292285,0.292285
6,44,query99.tpl,2024-06-27 07:59:43,2024-06-27 07:59:43,00:00:00.398777,0.398777
5,21,../query_variants/query36a.tpl,2024-06-27 08:13:03,2024-06-27 08:13:04,00:00:01.081642,1.081642
5,22,../query_postgresql/query77.tpl,2024-06-27 08:13:04,2024-06-27 08:13:04,00:00:00.220615,0.220615
5,23,query90.tpl,2024-06-27 08:13:04,2024-06-27 08:13:04,00:00:00.018279,0.018279
5,24,query76.tpl,2024-06-27 08:13:04,2024-06-27 08:13:05,00:00:00.490374,0.490374
5,25,query58.tpl,2024-06-27 08:13:05,2024-06-27 08:13:05,00:00:00.08147,0.081470
5,26,query71.tpl,2024-06-27 08:13:05,2024-06-27 08:13:05,00:00:00.343327,0.343327
5,27,../query_postgresql/query80.tpl,2024-06-27 08:13:05,2024-06-27 08:13:05,00:00:00.269248,0.269248
5,28,query69.tpl,2024-06-27 08:13:05,2024-06-27 08:13:06,00:00:00.123736,0.123736
5,29,query54.tpl,2024-06-27 08:13:06,2024-06-27 08:13:06,00:00:00.182752,0.182752
7,19,../query_postgresql/query98.tpl,2024-06-27 08:14:36,2024-06-27 08:14:36,00:00:00.126746,0.126746
7,20,query79.tpl,2024-06-27 08:14:36,2024-06-27 08:14:36,00:00:00.193123,0.193123
7,21,query69.tpl,2024-06-27 08:14:36,2024-06-27 08:14:36,00:00:00.010864,0.010864
7,22,query72.tpl,2024-06-27 08:14:36,2024-06-27 08:14:37,00:00:00.515946,0.515946
7,23,query45.tpl,2024-06-27 08:14:37,2024-06-27 08:14:37,00:00:00.115232,0.115232
7,24,query48.tpl,2024-06-27 08:14:37,2024-06-27 08:14:37,00:00:00.453709,0.453709
7,25,../query_postgresql/query80.tpl,2024-06-27 08:14:37,2024-06-27 08:14:38,00:00:00.266055,0.266055
7,26,../query_postgresql/query20.tpl,2024-06-27 08:14:38,2024-06-27 08:14:38,00:00:00.050452,0.050452
7,27,../query_postgresql/query2.tpl,2024-06-27 08:14:38,2024-06-27 08:14:38,00:00:00.749385,0.749385
7,28,../query_postgresql/query21.tpl,2024-06-27 08:14:38,2024-06-27 08:14:39,00:00:00.63032,0.630320
7,29,query97.tpl,2024-06-27 08:14:39,2024-06-27 08:14:40,00:00:00.951793,0.951793
7,30,query62.tpl,2024-06-27 08:14:40,2024-06-27 08:14:40,00:00:00.22916,0.229160
7,31,query47.tpl,2024-06-27 08:14:40,2024-06-27 08:14:42,00:00:01.919613,1.919613
7,32,query60.tpl,2024-06-27 08:14:42,2024-06-27 08:14:42,00:00:00.426574,0.426574
7,33,query71.tpl,2024-06-27 08:14:42,2024-06-27 08:14:43,00:00:00.351753,0.351753
7,34,query46.tpl,2024-06-27 08:14:43,2024-06-27 08:14:43,00:00:00.480818,0.480818
7,35,query10.tpl,2024-06-27 08:14:43,2024-06-27 08:14:52,00:00:08.705432,8.705432
7,36,../query_postgresql/query14.tpl,2024-06-27 08:14:52,2024-06-27 08:15:21,00:00:29.243542,29.243542
7,37,query35.tpl,2024-06-27 08:15:21,2024-06-27 08:15:22,00:00:00.537986,0.537986
7,38,query55.tpl,2024-06-27 08:15:22,2024-06-27 08:15:22,00:00:00.021085,0.021085
7,39,../query_postgresql/query37.tpl,2024-06-27 08:15:22,2024-06-27 08:15:22,00:00:00.007692,0.007692
7,40,query52.tpl,2024-06-27 08:15:22,2024-06-27 08:15:22,00:00:00.171033,0.171033
7,41,query9.tpl,2024-06-27 08:15:22,2024-06-27 08:15:24,00:00:02.249492,2.249492
7,42,query85.tpl,2024-06-27 08:15:24,2024-06-27 08:15:24,00:00:00.130869,0.130869
7,43,../query_postgresql/query40.tpl,2024-06-27 08:15:24,2024-06-27 08:15:24,00:00:00.061209,0.061209
7,9,query6.tpl,2024-06-27 07:11:42,2024-06-27 07:13:36,00:01:54.636635,114.636635
7,10,query64.tpl,2024-06-27 07:13:36,2024-06-27 07:13:37,00:00:00.541172,0.541172
7,11,query30.tpl,2024-06-27 07:13:37,2024-06-27 07:13:53,00:00:15.956665,15.956665
7,12,query34.tpl,2024-06-27 07:13:53,2024-06-27 07:13:53,00:00:00.378722,0.378722
7,13,query13.tpl,2024-06-27 07:13:53,2024-06-27 07:13:54,00:00:00.299871,0.299871
7,14,query28.tpl,2024-06-27 07:13:54,2024-06-27 07:13:55,00:00:01.573015,1.573015
7,15,../query_postgresql/query86.tpl,2024-06-27 07:13:55,2024-06-27 07:13:55,00:00:00.299317,0.299317
7,16,query84.tpl,2024-06-27 07:13:55,2024-06-27 07:13:56,00:00:00.085073,0.085073
7,17,query25.tpl,2024-06-27 07:13:56,2024-06-27 07:13:57,00:00:01.635901,1.635901
8,45,../query_postgresql/query92.tpl,2024-06-27 07:24:44,2024-06-27 07:24:44,00:00:00.020974,0.020974
8,46,query75.tpl,2024-06-27 07:24:44,2024-06-27 07:24:46,00:00:01.616726,1.616726
8,47,query10.tpl,2024-06-27 07:24:46,2024-06-27 07:24:54,00:00:07.738168,7.738168
8,48,query58.tpl,2024-06-27 07:24:54,2024-06-27 07:24:54,00:00:00.080759,0.080759
8,49,query6.tpl,2024-06-27 07:24:54,2024-06-27 07:26:26,00:01:32.463897,92.463897
8,50,query47.tpl,2024-06-27 07:26:26,2024-06-27 07:26:28,00:00:01.917371,1.917371
8,71,query89.tpl,2024-06-27 08:01:47,2024-06-27 08:01:48,00:00:00.626566,0.626566
8,72,query56.tpl,2024-06-27 08:01:48,2024-06-27 08:01:48,00:00:00.490765,0.490765
8,73,query46.tpl,2024-06-27 08:01:48,2024-06-27 08:01:49,00:00:00.486169,0.486169
8,74,query19.tpl,2024-06-27 08:01:49,2024-06-27 08:01:49,00:00:00.207388,0.207388
8,75,query62.tpl,2024-06-27 08:01:49,2024-06-27 08:01:49,00:00:00.231723,0.231723
8,76,query8.tpl,2024-06-27 08:01:49,2024-06-27 08:01:49,00:00:00.125235,0.125235
8,77,query96.tpl,2024-06-27 08:01:49,2024-06-27 08:01:50,00:00:00.318434,0.318434
8,78,query1.tpl,2024-06-27 08:01:50,2024-06-27 08:05:15,00:03:25.493364,205.493364
8,79,../query_postgresql/query23.tpl,2024-06-27 08:05:15,2024-06-27 08:05:25,00:00:09.348608,9.348608
8,80,query88.tpl,2024-06-27 08:05:25,2024-06-27 08:05:27,00:00:02.103771,2.103771
8,81,../query_postgresql/query82.tpl,2024-06-27 08:05:27,2024-06-27 08:05:27,00:00:00.013542,0.013542
8,82,query87.tpl,2024-06-27 08:05:27,2024-06-27 08:05:29,00:00:02.176912,2.176912
8,83,query43.tpl,2024-06-27 08:05:29,2024-06-27 08:05:29,00:00:00.534341,0.534341
8,84,query53.tpl,2024-06-27 08:05:29,2024-06-27 08:05:30,00:00:00.210331,0.210331
8,85,../query_postgresql/query20.tpl,2024-06-27 08:05:30,2024-06-27 08:05:30,00:00:00.048953,0.048953
8,86,query52.tpl,2024-06-27 08:05:30,2024-06-27 08:05:30,00:00:00.182033,0.182033
8,87,query83.tpl,2024-06-27 08:05:30,2024-06-27 08:05:30,00:00:00.069357,0.069357
8,88,query38.tpl,2024-06-27 08:05:30,2024-06-27 08:05:32,00:00:02.183596,2.183596
8,89,query68.tpl,2024-06-27 08:05:32,2024-06-27 08:05:32,00:00:00.263721,0.263721
5,30,../query_postgresql/query92.tpl,2024-06-27 08:13:06,2024-06-27 08:13:06,00:00:00.019967,0.019967
5,31,query61.tpl,2024-06-27 08:13:06,2024-06-27 08:13:06,00:00:00.003515,0.003515
5,32,query53.tpl,2024-06-27 08:13:06,2024-06-27 08:13:06,00:00:00.210965,0.210965
5,33,query87.tpl,2024-06-27 08:13:06,2024-06-27 08:13:08,00:00:02.197452,2.197452
5,34,query68.tpl,2024-06-27 08:13:08,2024-06-27 08:13:08,00:00:00.263176,0.263176
5,35,query85.tpl,2024-06-27 08:13:08,2024-06-27 08:13:09,00:00:00.12978,0.129780
5,36,query28.tpl,2024-06-27 08:13:09,2024-06-27 08:13:10,00:00:01.569855,1.569855
5,37,query42.tpl,2024-06-27 08:13:10,2024-06-27 08:13:10,00:00:00.190374,0.190374
5,38,query67.tpl,2024-06-27 08:13:10,2024-06-27 08:13:12,00:00:02.067553,2.067553
5,39,query50.tpl,2024-06-27 08:13:12,2024-06-27 08:13:12,00:00:00.033322,0.033322
5,40,query30.tpl,2024-06-27 08:13:12,2024-06-27 08:13:27,00:00:14.999038,14.999038
5,41,query48.tpl,2024-06-27 08:13:27,2024-06-27 08:13:28,00:00:00.458344,0.458344
5,42,query22.tpl,2024-06-27 08:13:28,2024-06-27 08:13:33,00:00:04.801804,4.801804
7,18,query4.tpl,2024-06-27 07:13:57,2024-06-27 08:14:36,01:00:38.631692,3638.631692
7,44,query76.tpl,2024-06-27 08:15:24,2024-06-27 08:15:25,00:00:00.463517,0.463517
7,45,query44.tpl,2024-06-27 08:15:25,2024-06-27 08:15:25,00:00:00.249991,0.249991
7,46,query3.tpl,2024-06-27 08:15:25,2024-06-27 08:15:25,00:00:00.019054,0.019054
7,47,query26.tpl,2024-06-27 08:15:25,2024-06-27 08:15:26,00:00:00.63116,0.631160
7,48,query19.tpl,2024-06-27 08:15:26,2024-06-27 08:15:26,00:00:00.195677,0.195677
7,49,query58.tpl,2024-06-27 08:15:26,2024-06-27 08:15:26,00:00:00.081129,0.081129
7,50,query42.tpl,2024-06-27 08:15:26,2024-06-27 08:15:26,00:00:00.178971,0.178971
7,51,query75.tpl,2024-06-27 08:15:26,2024-06-27 08:15:28,00:00:01.599342,1.599342
7,52,query17.tpl,2024-06-27 08:15:28,2024-06-27 08:15:31,00:00:02.693884,2.693884
7,53,query38.tpl,2024-06-27 08:15:31,2024-06-27 08:15:33,00:00:02.183968,2.183968
7,54,../query_postgresql/query82.tpl,2024-06-27 08:15:33,2024-06-27 08:15:33,00:00:00.010106,0.010106
7,55,query87.tpl,2024-06-27 08:15:33,2024-06-27 08:15:35,00:00:02.191342,2.191342
7,56,query43.tpl,2024-06-27 08:15:35,2024-06-27 08:15:36,00:00:00.529703,0.529703
8,90,query4.tpl,2024-06-27 08:05:32,2024-06-27 09:05:30,00:59:57.3349,3597.334900
6,95,../query_postgresql/query40.tpl,2024-06-27 09:05:49,2024-06-27 09:05:49,00:00:00.062259,0.062259
6,96,../query_postgresql/query70.tpl,2024-06-27 09:05:49,2024-06-27 09:05:50,00:00:01.03601,1.036010
6,97,query55.tpl,2024-06-27 09:05:50,2024-06-27 09:05:50,00:00:00.185257,0.185257
6,98,query60.tpl,2024-06-27 09:05:50,2024-06-27 09:05:51,00:00:00.396001,0.396001
6,99,../query_postgresql/query16.tpl,2024-06-27 09:05:51,2024-06-27 09:05:51,00:00:00.531014,0.531014
5,43,query11.tpl,2024-06-27 08:13:33,2024-06-27 08:47:51,00:34:18.202192,2058.202192
5,44,../query_postgresql/query94.tpl,2024-06-27 08:47:51,2024-06-27 08:47:51,00:00:00.155111,0.155111
5,72,query1.tpl,2024-06-27 09:03:16,2024-06-27 09:06:39,00:03:22.217799,202.217799
5,73,../query_postgresql/query95.tpl,2024-06-27 09:06:39,2024-06-27 09:07:13,00:00:34.357796,34.357796
5,74,query27.tpl,2024-06-27 09:07:13,2024-06-27 09:07:14,00:00:00.881599,0.881599
5,75,query44.tpl,2024-06-27 09:07:14,2024-06-27 09:07:14,00:00:00.246043,0.246043
5,76,../query_postgresql/query16.tpl,2024-06-27 09:07:14,2024-06-27 09:07:15,00:00:00.435835,0.435835
5,77,query64.tpl,2024-06-27 09:07:15,2024-06-27 09:07:15,00:00:00.53252,0.532520
5,78,../query_postgresql/query20.tpl,2024-06-27 09:07:15,2024-06-27 09:07:15,00:00:00.046392,0.046392
5,79,query43.tpl,2024-06-27 09:07:15,2024-06-27 09:07:16,00:00:00.533451,0.533451
5,80,../query_postgresql/query5.tpl,2024-06-27 09:07:16,2024-06-27 09:07:18,00:00:02.492876,2.492876
5,81,query47.tpl,2024-06-27 09:07:18,2024-06-27 09:07:20,00:00:01.776,1.776000
5,82,query10.tpl,2024-06-27 09:07:20,2024-06-27 09:07:28,00:00:07.879011,7.879011
5,83,../query_postgresql/query70.tpl,2024-06-27 09:07:28,2024-06-27 09:07:29,00:00:01.031878,1.031878
5,84,query39.tpl,2024-06-27 09:07:29,2024-06-27 09:07:34,00:00:05.373301,5.373301
5,85,query72.tpl,2024-06-27 09:07:34,2024-06-27 09:07:35,00:00:00.486782,0.486782
5,86,query75.tpl,2024-06-27 09:07:35,2024-06-27 09:07:36,00:00:01.593445,1.593445
5,87,../query_postgresql/query12.tpl,2024-06-27 09:07:36,2024-06-27 09:07:36,00:00:00.027386,0.027386
5,88,../query_postgresql/query37.tpl,2024-06-27 09:07:36,2024-06-27 09:07:36,00:00:00.006613,0.006613
5,89,query15.tpl,2024-06-27 09:07:36,2024-06-27 09:07:37,00:00:00.155191,0.155191
5,90,query59.tpl,2024-06-27 09:07:37,2024-06-27 09:07:37,00:00:00.918894,0.918894
5,91,query91.tpl,2024-06-27 09:07:37,2024-06-27 09:07:37,00:00:00.020805,0.020805
5,92,query99.tpl,2024-06-27 09:07:37,2024-06-27 09:07:38,00:00:00.394724,0.394724
5,93,query41.tpl,2024-06-27 09:07:38,2024-06-27 09:07:39,00:00:00.91204,0.912040
5,94,query9.tpl,2024-06-27 09:07:39,2024-06-27 09:07:41,00:00:02.22505,2.225050
5,95,../query_postgresql/query86.tpl,2024-06-27 09:07:41,2024-06-27 09:07:41,00:00:00.297761,0.297761
5,96,query34.tpl,2024-06-27 09:07:41,2024-06-27 09:07:42,00:00:00.386781,0.386781
5,97,../query_postgresql/query82.tpl,2024-06-27 09:07:42,2024-06-27 09:07:42,00:00:00.008257,0.008257
5,98,query29.tpl,2024-06-27 09:07:42,2024-06-27 09:07:43,00:00:01.079965,1.079965
5,99,query25.tpl,2024-06-27 09:07:43,2024-06-27 09:07:45,00:00:01.783713,1.783713
5,45,query93.tpl,2024-06-27 08:47:51,2024-06-27 08:47:51,00:00:00.094993,0.094993
5,46,query18.tpl,2024-06-27 08:47:51,2024-06-27 08:47:52,00:00:00.749161,0.749161
5,47,query33.tpl,2024-06-27 08:47:52,2024-06-27 08:47:52,00:00:00.15285,0.152850
5,48,query63.tpl,2024-06-27 08:47:52,2024-06-27 08:47:52,00:00:00.181208,0.181208
5,49,query8.tpl,2024-06-27 08:47:52,2024-06-27 08:47:52,00:00:00.235405,0.235405
5,50,query97.tpl,2024-06-27 08:47:52,2024-06-27 08:47:53,00:00:00.953061,0.953061
5,51,query45.tpl,2024-06-27 08:47:53,2024-06-27 08:47:54,00:00:00.113344,0.113344
5,52,query62.tpl,2024-06-27 08:47:54,2024-06-27 08:47:54,00:00:00.226252,0.226252
5,53,query81.tpl,2024-06-27 08:47:54,2024-06-27 08:49:04,00:01:10.578169,70.578169
5,54,query35.tpl,2024-06-27 08:49:04,2024-06-27 08:49:05,00:00:00.541751,0.541751
5,55,query78.tpl,2024-06-27 08:49:05,2024-06-27 08:49:07,00:00:02.592528,2.592528
5,56,query57.tpl,2024-06-27 08:49:07,2024-06-27 08:49:09,00:00:01.585891,1.585891
5,57,query46.tpl,2024-06-27 08:49:09,2024-06-27 08:49:10,00:00:00.489658,0.489658
5,58,../query_postgresql/query32.tpl,2024-06-27 08:49:10,2024-06-27 08:49:10,00:00:00.024986,0.024986
5,59,query24.tpl,2024-06-27 08:49:10,2024-06-27 08:49:11,00:00:01.179263,1.179263
5,60,query38.tpl,2024-06-27 08:49:11,2024-06-27 08:49:13,00:00:02.202032,2.202032
5,61,query55.tpl,2024-06-27 08:49:13,2024-06-27 08:49:13,00:00:00.049217,0.049217
7,57,query11.tpl,2024-06-27 08:15:36,2024-06-27 08:49:47,00:34:11.290153,2051.290153
7,58,../query_postgresql/query5.tpl,2024-06-27 08:49:47,2024-06-27 08:49:49,00:00:02.466611,2.466611
7,59,query41.tpl,2024-06-27 08:49:49,2024-06-27 08:49:50,00:00:00.93497,0.934970
7,60,query61.tpl,2024-06-27 08:49:50,2024-06-27 08:49:50,00:00:00.003904,0.003904
7,61,query33.tpl,2024-06-27 08:49:50,2024-06-27 08:49:50,00:00:00.151731,0.151731
7,62,../query_postgresql/query49.tpl,2024-06-27 08:49:50,2024-06-27 08:49:50,00:00:00.115271,0.115271
7,63,query7.tpl,2024-06-27 08:49:50,2024-06-27 08:49:51,00:00:00.958204,0.958204
7,64,query73.tpl,2024-06-27 08:49:51,2024-06-27 08:49:52,00:00:00.192633,0.192633
7,65,query89.tpl,2024-06-27 08:49:52,2024-06-27 08:49:52,00:00:00.685397,0.685397
7,66,query81.tpl,2024-06-27 08:49:52,2024-06-27 08:50:05,00:00:12.807905,12.807905
7,67,query78.tpl,2024-06-27 08:50:05,2024-06-27 08:50:08,00:00:02.586815,2.586815
7,68,query18.tpl,2024-06-27 08:50:08,2024-06-27 08:50:08,00:00:00.733173,0.733173
7,69,../query_variants/query36a.tpl,2024-06-27 08:50:08,2024-06-27 08:50:10,00:00:01.072607,1.072607
7,70,query51.tpl,2024-06-27 08:50:10,2024-06-27 08:50:11,00:00:01.414193,1.414193
7,71,query56.tpl,2024-06-27 08:50:11,2024-06-27 08:50:11,00:00:00.463136,0.463136
7,72,query83.tpl,2024-06-27 08:50:11,2024-06-27 08:50:11,00:00:00.060547,0.060547
7,73,../query_postgresql/query23.tpl,2024-06-27 08:50:11,2024-06-27 08:50:21,00:00:09.352059,9.352059
7,74,query8.tpl,2024-06-27 08:50:21,2024-06-27 08:50:21,00:00:00.128735,0.128735
7,75,query24.tpl,2024-06-27 08:50:21,2024-06-27 08:50:23,00:00:01.602264,1.602264
7,76,query63.tpl,2024-06-27 08:50:23,2024-06-27 08:50:23,00:00:00.213713,0.213713
7,77,query1.tpl,2024-06-27 08:50:23,2024-06-27 08:53:46,00:03:23.491811,203.491811
7,78,../query_postgresql/query12.tpl,2024-06-27 08:53:46,2024-06-27 08:53:46,00:00:00.027122,0.027122
7,79,query68.tpl,2024-06-27 08:53:46,2024-06-27 08:53:47,00:00:00.268372,0.268372
7,80,query66.tpl,2024-06-27 08:53:47,2024-06-27 08:53:47,00:00:00.409942,0.409942
7,81,query67.tpl,2024-06-27 08:53:47,2024-06-27 08:53:49,00:00:02.012178,2.012178
7,82,../query_postgresql/query77.tpl,2024-06-27 08:53:49,2024-06-27 08:53:49,00:00:00.21944,0.219440
7,83,query15.tpl,2024-06-27 08:53:49,2024-06-27 08:53:49,00:00:00.154537,0.154537
7,84,query88.tpl,2024-06-27 08:53:49,2024-06-27 08:53:51,00:00:02.090901,2.090901
7,85,query65.tpl,2024-06-27 08:53:51,2024-06-27 08:53:52,00:00:01.051822,1.051822
7,86,query59.tpl,2024-06-27 08:53:52,2024-06-27 08:53:53,00:00:00.914282,0.914282
7,87,query96.tpl,2024-06-27 08:53:53,2024-06-27 08:53:54,00:00:00.31828,0.318280
7,88,query54.tpl,2024-06-27 08:53:54,2024-06-27 08:53:54,00:00:00.408499,0.408499
7,89,../query_postgresql/query95.tpl,2024-06-27 08:53:54,2024-06-27 08:55:05,00:01:10.901459,70.901459
7,90,query93.tpl,2024-06-27 08:55:05,2024-06-27 08:55:05,00:00:00.09481,0.094810
7,91,query91.tpl,2024-06-27 08:55:05,2024-06-27 08:55:05,00:00:00.021986,0.021986
6,45,query4.tpl,2024-06-27 07:59:43,2024-06-27 09:00:10,01:00:26.890635,3626.890635
6,46,query45.tpl,2024-06-27 09:00:10,2024-06-27 09:00:10,00:00:00.115618,0.115618
7,92,query74.tpl,2024-06-27 08:55:05,2024-06-27 09:08:13,00:13:07.783604,787.783604
6,47,query85.tpl,2024-06-27 09:00:10,2024-06-27 09:00:10,00:00:00.13083,0.130830
6,48,query8.tpl,2024-06-27 09:00:10,2024-06-27 09:00:11,00:00:00.125543,0.125543
6,49,query19.tpl,2024-06-27 09:00:11,2024-06-27 09:00:11,00:00:00.187657,0.187657
6,50,query61.tpl,2024-06-27 09:00:11,2024-06-27 09:00:11,00:00:00.003539,0.003539
6,51,query3.tpl,2024-06-27 09:00:11,2024-06-27 09:00:11,00:00:00.020504,0.020504
6,52,query41.tpl,2024-06-27 09:00:11,2024-06-27 09:00:12,00:00:01.002295,1.002295
6,53,query54.tpl,2024-06-27 09:00:12,2024-06-27 09:00:12,00:00:00.408344,0.408344
6,54,query67.tpl,2024-06-27 09:00:12,2024-06-27 09:00:14,00:00:01.683099,1.683099
6,55,../query_postgresql/query77.tpl,2024-06-27 09:00:14,2024-06-27 09:00:14,00:00:00.230735,0.230735
6,56,query15.tpl,2024-06-27 09:00:14,2024-06-27 09:00:14,00:00:00.156844,0.156844
6,57,query51.tpl,2024-06-27 09:00:14,2024-06-27 09:00:16,00:00:01.42505,1.425050
6,58,../query_postgresql/query98.tpl,2024-06-27 09:00:16,2024-06-27 09:00:16,00:00:00.124127,0.124127
6,59,query62.tpl,2024-06-27 09:00:16,2024-06-27 09:00:16,00:00:00.212656,0.212656
6,60,query97.tpl,2024-06-27 09:00:16,2024-06-27 09:00:17,00:00:00.951951,0.951951
6,61,query22.tpl,2024-06-27 09:00:17,2024-06-27 09:00:22,00:00:04.896666,4.896666
6,62,query48.tpl,2024-06-27 09:00:22,2024-06-27 09:00:22,00:00:00.459972,0.459972
6,63,../query_postgresql/query2.tpl,2024-06-27 09:00:22,2024-06-27 09:00:23,00:00:00.752223,0.752223
6,64,query79.tpl,2024-06-27 09:00:23,2024-06-27 09:00:23,00:00:00.230143,0.230143
6,65,query56.tpl,2024-06-27 09:00:23,2024-06-27 09:00:24,00:00:00.509521,0.509521
6,66,../query_postgresql/query37.tpl,2024-06-27 09:00:24,2024-06-27 09:00:24,00:00:00.007977,0.007977
6,67,query10.tpl,2024-06-27 09:00:24,2024-06-27 09:00:32,00:00:07.963811,7.963811
6,68,query90.tpl,2024-06-27 09:00:32,2024-06-27 09:00:32,00:00:00.018677,0.018677
6,69,../query_postgresql/query21.tpl,2024-06-27 09:00:32,2024-06-27 09:00:33,00:00:00.653228,0.653228
6,70,query46.tpl,2024-06-27 09:00:33,2024-06-27 09:00:33,00:00:00.488179,0.488179
6,71,query83.tpl,2024-06-27 09:00:33,2024-06-27 09:00:33,00:00:00.067126,0.067126
6,72,query96.tpl,2024-06-27 09:00:33,2024-06-27 09:00:33,00:00:00.314432,0.314432
6,73,query68.tpl,2024-06-27 09:00:33,2024-06-27 09:00:34,00:00:00.262962,0.262962
6,74,query63.tpl,2024-06-27 09:00:34,2024-06-27 09:00:34,00:00:00.210288,0.210288
6,75,../query_postgresql/query92.tpl,2024-06-27 09:00:34,2024-06-27 09:00:34,00:00:00.019804,0.019804
6,76,query27.tpl,2024-06-27 09:00:34,2024-06-27 09:00:35,00:00:00.88914,0.889140
6,77,../query_postgresql/query12.tpl,2024-06-27 09:00:35,2024-06-27 09:00:35,00:00:00.028913,0.028913
6,78,query64.tpl,2024-06-27 09:00:35,2024-06-27 09:00:35,00:00:00.529969,0.529969
6,79,../query_postgresql/query95.tpl,2024-06-27 09:00:35,2024-06-27 09:00:49,00:00:13.62614,13.626140
6,80,query39.tpl,2024-06-27 09:00:49,2024-06-27 09:00:54,00:00:05.156809,5.156809
6,81,query35.tpl,2024-06-27 09:00:54,2024-06-27 09:00:55,00:00:00.539862,0.539862
6,82,query78.tpl,2024-06-27 09:00:55,2024-06-27 09:00:57,00:00:02.582092,2.582092
6,83,query57.tpl,2024-06-27 09:00:57,2024-06-27 09:00:59,00:00:01.577146,1.577146
6,84,query66.tpl,2024-06-27 09:00:59,2024-06-27 09:00:59,00:00:00.409855,0.409855
6,85,query71.tpl,2024-06-27 09:00:59,2024-06-27 09:01:00,00:00:00.329676,0.329676
6,86,query30.tpl,2024-06-27 09:01:00,2024-06-27 09:01:14,00:00:14.868954,14.868954
5,62,query74.tpl,2024-06-27 08:49:13,2024-06-27 09:02:22,00:13:08.786222,788.786222
5,63,query84.tpl,2024-06-27 09:02:22,2024-06-27 09:02:22,00:00:00.086125,0.086125
5,64,query89.tpl,2024-06-27 09:02:22,2024-06-27 09:02:22,00:00:00.436711,0.436711
5,65,query83.tpl,2024-06-27 09:02:22,2024-06-27 09:02:22,00:00:00.065649,0.065649
5,66,query31.tpl,2024-06-27 09:02:22,2024-06-27 09:02:32,00:00:09.456749,9.456749
5,67,query26.tpl,2024-06-27 09:02:32,2024-06-27 09:02:32,00:00:00.641157,0.641157
5,68,../query_postgresql/query40.tpl,2024-06-27 09:02:32,2024-06-27 09:02:33,00:00:00.06163,0.061630
5,69,../query_postgresql/query14.tpl,2024-06-27 09:02:33,2024-06-27 09:03:07,00:00:34.263742,34.263742
5,70,../query_postgresql/query23.tpl,2024-06-27 09:03:07,2024-06-27 09:03:16,00:00:09.296724,9.296724
6,87,query1.tpl,2024-06-27 09:01:14,2024-06-27 09:04:33,00:03:18.957172,198.957172
7,93,../query_postgresql/query94.tpl,2024-06-27 09:08:13,2024-06-27 09:08:13,00:00:00.178938,0.178938
7,94,../query_postgresql/query16.tpl,2024-06-27 09:08:13,2024-06-27 09:08:15,00:00:01.782544,1.782544
7,95,query90.tpl,2024-06-27 09:08:15,2024-06-27 09:08:15,00:00:00.01798,0.017980
7,96,query57.tpl,2024-06-27 09:08:15,2024-06-27 09:08:17,00:00:01.601888,1.601888
7,97,query22.tpl,2024-06-27 09:08:17,2024-06-27 09:08:21,00:00:04.884521,4.884521
7,98,query50.tpl,2024-06-27 09:08:21,2024-06-27 09:08:21,00:00:00.04522,0.045220
7,99,query27.tpl,2024-06-27 09:08:21,2024-06-27 09:08:22,00:00:00.92936,0.929360
