ctime,datid,datname,confl_tablespace,confl_lock,confl_snapshot,confl_bufferpin,confl_deadlock
1719457543.411827,5,postgres,0,0,0,0,0
1719457543.411827,4263817,dbt7,0,0,0,0,0
1719457543.411827,1,template1,0,0,0,0,0
1719457543.411827,4,template0,0,0,0,0,0
1719457543.411827,4212858,dbt5,0,0,0,0,0
1719457603.419687,5,postgres,0,0,0,0,0
1719457603.419687,4263817,dbt7,0,0,0,0,0
1719457603.419687,1,template1,0,0,0,0,0
1719457603.419687,4,template0,0,0,0,0,0
1719457603.419687,4212858,dbt5,0,0,0,0,0
1719457663.432894,5,postgres,0,0,0,0,0
1719457663.432894,4263817,dbt7,0,0,0,0,0
1719457663.432894,1,template1,0,0,0,0,0
1719457663.432894,4,template0,0,0,0,0,0
1719457663.432894,4212858,dbt5,0,0,0,0,0
1719457723.441261,5,postgres,0,0,0,0,0
1719457723.441261,4263817,dbt7,0,0,0,0,0
1719457723.441261,1,template1,0,0,0,0,0
1719457723.441261,4,template0,0,0,0,0,0
1719457723.441261,4212858,dbt5,0,0,0,0,0
1719457783.457179,5,postgres,0,0,0,0,0
1719457783.457179,4263817,dbt7,0,0,0,0,0
1719457783.457179,1,template1,0,0,0,0,0
1719457783.457179,4,template0,0,0,0,0,0
1719457783.457179,4212858,dbt5,0,0,0,0,0
1719457843.466883,5,postgres,0,0,0,0,0
1719457843.466883,4263817,dbt7,0,0,0,0,0
1719457843.466883,1,template1,0,0,0,0,0
1719457843.466883,4,template0,0,0,0,0,0
1719457843.466883,4212858,dbt5,0,0,0,0,0
1719457903.479780,5,postgres,0,0,0,0,0
1719457903.479780,4263817,dbt7,0,0,0,0,0
1719457903.479780,1,template1,0,0,0,0,0
1719457903.479780,4,template0,0,0,0,0,0
1719457903.479780,4212858,dbt5,0,0,0,0,0
1719457963.488081,5,postgres,0,0,0,0,0
1719457963.488081,4263817,dbt7,0,0,0,0,0
1719457963.488081,1,template1,0,0,0,0,0
1719457963.488081,4,template0,0,0,0,0,0
1719457963.488081,4212858,dbt5,0,0,0,0,0
1719458023.501767,5,postgres,0,0,0,0,0
1719458023.501767,4263817,dbt7,0,0,0,0,0
1719458023.501767,1,template1,0,0,0,0,0
1719458023.501767,4,template0,0,0,0,0,0
1719458023.501767,4212858,dbt5,0,0,0,0,0
1719458083.507571,5,postgres,0,0,0,0,0
1719458083.507571,4263817,dbt7,0,0,0,0,0
1719458083.507571,1,template1,0,0,0,0,0
1719458083.507571,4,template0,0,0,0,0,0
1719458083.507571,4212858,dbt5,0,0,0,0,0
1719458143.521091,5,postgres,0,0,0,0,0
1719458143.521091,4263817,dbt7,0,0,0,0,0
1719458143.521091,1,template1,0,0,0,0,0
1719458143.521091,4,template0,0,0,0,0,0
1719458143.521091,4212858,dbt5,0,0,0,0,0
1719458203.528752,5,postgres,0,0,0,0,0
1719458203.528752,4263817,dbt7,0,0,0,0,0
1719458203.528752,1,template1,0,0,0,0,0
1719458203.528752,4,template0,0,0,0,0,0
1719458203.528752,4212858,dbt5,0,0,0,0,0
1719458263.542901,5,postgres,0,0,0,0,0
1719458263.542901,4263817,dbt7,0,0,0,0,0
1719458263.542901,1,template1,0,0,0,0,0
1719458263.542901,4,template0,0,0,0,0,0
1719458263.542901,4212858,dbt5,0,0,0,0,0
1719458323.550079,5,postgres,0,0,0,0,0
1719458323.550079,4263817,dbt7,0,0,0,0,0
1719458323.550079,1,template1,0,0,0,0,0
1719458323.550079,4,template0,0,0,0,0,0
1719458323.550079,4212858,dbt5,0,0,0,0,0
1719458383.562392,5,postgres,0,0,0,0,0
1719458383.562392,4263817,dbt7,0,0,0,0,0
1719458383.562392,1,template1,0,0,0,0,0
1719458383.562392,4,template0,0,0,0,0,0
1719458383.562392,4212858,dbt5,0,0,0,0,0
1719458443.573254,5,postgres,0,0,0,0,0
1719458443.573254,4263817,dbt7,0,0,0,0,0
1719458443.573254,1,template1,0,0,0,0,0
1719458443.573254,4,template0,0,0,0,0,0
1719458443.573254,4212858,dbt5,0,0,0,0,0
1719458503.584104,5,postgres,0,0,0,0,0
1719458503.584104,4263817,dbt7,0,0,0,0,0
1719458503.584104,1,template1,0,0,0,0,0
1719458503.584104,4,template0,0,0,0,0,0
1719458503.584104,4212858,dbt5,0,0,0,0,0
1719458563.598948,5,postgres,0,0,0,0,0
1719458563.598948,4263817,dbt7,0,0,0,0,0
1719458563.598948,1,template1,0,0,0,0,0
1719458563.598948,4,template0,0,0,0,0,0
1719458563.598948,4212858,dbt5,0,0,0,0,0
1719458623.613235,5,postgres,0,0,0,0,0
1719458623.613235,4263817,dbt7,0,0,0,0,0
1719458623.613235,1,template1,0,0,0,0,0
1719458623.613235,4,template0,0,0,0,0,0
1719458623.613235,4212858,dbt5,0,0,0,0,0
1719458683.622380,5,postgres,0,0,0,0,0
1719458683.622380,4263817,dbt7,0,0,0,0,0
1719458683.622380,1,template1,0,0,0,0,0
1719458683.622380,4,template0,0,0,0,0,0
1719458683.622380,4212858,dbt5,0,0,0,0,0
1719458743.633644,5,postgres,0,0,0,0,0
1719458743.633644,4263817,dbt7,0,0,0,0,0
1719458743.633644,1,template1,0,0,0,0,0
1719458743.633644,4,template0,0,0,0,0,0
1719458743.633644,4212858,dbt5,0,0,0,0,0
1719458803.645332,5,postgres,0,0,0,0,0
1719458803.645332,4263817,dbt7,0,0,0,0,0
1719458803.645332,1,template1,0,0,0,0,0
1719458803.645332,4,template0,0,0,0,0,0
1719458803.645332,4212858,dbt5,0,0,0,0,0
1719458863.654432,5,postgres,0,0,0,0,0
1719458863.654432,4263817,dbt7,0,0,0,0,0
1719458863.654432,1,template1,0,0,0,0,0
1719458863.654432,4,template0,0,0,0,0,0
1719458863.654432,4212858,dbt5,0,0,0,0,0
1719458923.663756,5,postgres,0,0,0,0,0
1719458923.663756,4263817,dbt7,0,0,0,0,0
1719458923.663756,1,template1,0,0,0,0,0
1719458923.663756,4,template0,0,0,0,0,0
1719458923.663756,4212858,dbt5,0,0,0,0,0
1719458983.675766,5,postgres,0,0,0,0,0
1719458983.675766,4263817,dbt7,0,0,0,0,0
1719458983.675766,1,template1,0,0,0,0,0
1719458983.675766,4,template0,0,0,0,0,0
1719458983.675766,4212858,dbt5,0,0,0,0,0
1719459043.682732,5,postgres,0,0,0,0,0
1719459043.682732,4263817,dbt7,0,0,0,0,0
1719459043.682732,1,template1,0,0,0,0,0
1719459043.682732,4,template0,0,0,0,0,0
1719459043.682732,4212858,dbt5,0,0,0,0,0
1719459103.698304,5,postgres,0,0,0,0,0
1719459103.698304,4263817,dbt7,0,0,0,0,0
1719459103.698304,1,template1,0,0,0,0,0
1719459103.698304,4,template0,0,0,0,0,0
1719459103.698304,4212858,dbt5,0,0,0,0,0
1719459163.706201,5,postgres,0,0,0,0,0
1719459163.706201,4263817,dbt7,0,0,0,0,0
1719459163.706201,1,template1,0,0,0,0,0
1719459163.706201,4,template0,0,0,0,0,0
1719459163.706201,4212858,dbt5,0,0,0,0,0
1719459223.713234,5,postgres,0,0,0,0,0
1719459223.713234,4263817,dbt7,0,0,0,0,0
1719459223.713234,1,template1,0,0,0,0,0
1719459223.713234,4,template0,0,0,0,0,0
1719459223.713234,4212858,dbt5,0,0,0,0,0
1719459283.719313,5,postgres,0,0,0,0,0
1719459283.719313,4263817,dbt7,0,0,0,0,0
1719459283.719313,1,template1,0,0,0,0,0
1719459283.719313,4,template0,0,0,0,0,0
1719459283.719313,4212858,dbt5,0,0,0,0,0
1719459343.732066,5,postgres,0,0,0,0,0
1719459343.732066,4263817,dbt7,0,0,0,0,0
1719459343.732066,1,template1,0,0,0,0,0
1719459343.732066,4,template0,0,0,0,0,0
1719459343.732066,4212858,dbt5,0,0,0,0,0
1719459403.744419,5,postgres,0,0,0,0,0
1719459403.744419,4263817,dbt7,0,0,0,0,0
1719459403.744419,1,template1,0,0,0,0,0
1719459403.744419,4,template0,0,0,0,0,0
1719459403.744419,4212858,dbt5,0,0,0,0,0
1719459463.747332,5,postgres,0,0,0,0,0
1719459463.747332,4263817,dbt7,0,0,0,0,0
1719459463.747332,1,template1,0,0,0,0,0
1719459463.747332,4,template0,0,0,0,0,0
1719459463.747332,4212858,dbt5,0,0,0,0,0
1719459523.765693,5,postgres,0,0,0,0,0
1719459523.765693,4263817,dbt7,0,0,0,0,0
1719459523.765693,1,template1,0,0,0,0,0
1719459523.765693,4,template0,0,0,0,0,0
1719459523.765693,4212858,dbt5,0,0,0,0,0
1719459583.773372,5,postgres,0,0,0,0,0
1719459583.773372,4263817,dbt7,0,0,0,0,0
1719459583.773372,1,template1,0,0,0,0,0
1719459583.773372,4,template0,0,0,0,0,0
1719459583.773372,4212858,dbt5,0,0,0,0,0
1719459643.789164,5,postgres,0,0,0,0,0
1719459643.789164,4263817,dbt7,0,0,0,0,0
1719459643.789164,1,template1,0,0,0,0,0
1719459643.789164,4,template0,0,0,0,0,0
1719459643.789164,4212858,dbt5,0,0,0,0,0
1719459703.793206,5,postgres,0,0,0,0,0
1719459703.793206,4263817,dbt7,0,0,0,0,0
1719459703.793206,1,template1,0,0,0,0,0
1719459703.793206,4,template0,0,0,0,0,0
1719459703.793206,4212858,dbt5,0,0,0,0,0
1719459763.806966,5,postgres,0,0,0,0,0
1719459763.806966,4263817,dbt7,0,0,0,0,0
1719459763.806966,1,template1,0,0,0,0,0
1719459763.806966,4,template0,0,0,0,0,0
1719459763.806966,4212858,dbt5,0,0,0,0,0
1719459823.820794,5,postgres,0,0,0,0,0
1719459823.820794,4263817,dbt7,0,0,0,0,0
1719459823.820794,1,template1,0,0,0,0,0
1719459823.820794,4,template0,0,0,0,0,0
1719459823.820794,4212858,dbt5,0,0,0,0,0
1719459883.829329,5,postgres,0,0,0,0,0
1719459883.829329,4263817,dbt7,0,0,0,0,0
1719459883.829329,1,template1,0,0,0,0,0
1719459883.829329,4,template0,0,0,0,0,0
1719459883.829329,4212858,dbt5,0,0,0,0,0
1719459943.839670,5,postgres,0,0,0,0,0
1719459943.839670,4263817,dbt7,0,0,0,0,0
1719459943.839670,1,template1,0,0,0,0,0
1719459943.839670,4,template0,0,0,0,0,0
1719459943.839670,4212858,dbt5,0,0,0,0,0
1719460003.851144,5,postgres,0,0,0,0,0
1719460003.851144,4263817,dbt7,0,0,0,0,0
1719460003.851144,1,template1,0,0,0,0,0
1719460003.851144,4,template0,0,0,0,0,0
1719460003.851144,4212858,dbt5,0,0,0,0,0
1719460063.858355,5,postgres,0,0,0,0,0
1719460063.858355,4263817,dbt7,0,0,0,0,0
1719460063.858355,1,template1,0,0,0,0,0
1719460063.858355,4,template0,0,0,0,0,0
1719460063.858355,4212858,dbt5,0,0,0,0,0
1719460123.865999,5,postgres,0,0,0,0,0
1719460123.865999,4263817,dbt7,0,0,0,0,0
1719460123.865999,1,template1,0,0,0,0,0
1719460123.865999,4,template0,0,0,0,0,0
1719460123.865999,4212858,dbt5,0,0,0,0,0
1719460183.881195,5,postgres,0,0,0,0,0
1719460183.881195,4263817,dbt7,0,0,0,0,0
1719460183.881195,1,template1,0,0,0,0,0
1719460183.881195,4,template0,0,0,0,0,0
1719460183.881195,4212858,dbt5,0,0,0,0,0
1719460243.884708,5,postgres,0,0,0,0,0
1719460243.884708,4263817,dbt7,0,0,0,0,0
1719460243.884708,1,template1,0,0,0,0,0
1719460243.884708,4,template0,0,0,0,0,0
1719460243.884708,4212858,dbt5,0,0,0,0,0
1719460303.892650,5,postgres,0,0,0,0,0
1719460303.892650,4263817,dbt7,0,0,0,0,0
1719460303.892650,1,template1,0,0,0,0,0
1719460303.892650,4,template0,0,0,0,0,0
1719460303.892650,4212858,dbt5,0,0,0,0,0
1719460363.907487,5,postgres,0,0,0,0,0
1719460363.907487,4263817,dbt7,0,0,0,0,0
1719460363.907487,1,template1,0,0,0,0,0
1719460363.907487,4,template0,0,0,0,0,0
1719460363.907487,4212858,dbt5,0,0,0,0,0
1719460423.919064,5,postgres,0,0,0,0,0
1719460423.919064,4263817,dbt7,0,0,0,0,0
1719460423.919064,1,template1,0,0,0,0,0
1719460423.919064,4,template0,0,0,0,0,0
1719460423.919064,4212858,dbt5,0,0,0,0,0
1719460483.931759,5,postgres,0,0,0,0,0
1719460483.931759,4263817,dbt7,0,0,0,0,0
1719460483.931759,1,template1,0,0,0,0,0
1719460483.931759,4,template0,0,0,0,0,0
1719460483.931759,4212858,dbt5,0,0,0,0,0
1719460543.941617,5,postgres,0,0,0,0,0
1719460543.941617,4263817,dbt7,0,0,0,0,0
1719460543.941617,1,template1,0,0,0,0,0
1719460543.941617,4,template0,0,0,0,0,0
1719460543.941617,4212858,dbt5,0,0,0,0,0
1719460603.947573,5,postgres,0,0,0,0,0
1719460603.947573,4263817,dbt7,0,0,0,0,0
1719460603.947573,1,template1,0,0,0,0,0
1719460603.947573,4,template0,0,0,0,0,0
1719460603.947573,4212858,dbt5,0,0,0,0,0
1719460663.960683,5,postgres,0,0,0,0,0
1719460663.960683,4263817,dbt7,0,0,0,0,0
1719460663.960683,1,template1,0,0,0,0,0
1719460663.960683,4,template0,0,0,0,0,0
1719460663.960683,4212858,dbt5,0,0,0,0,0
1719460723.970535,5,postgres,0,0,0,0,0
1719460723.970535,4263817,dbt7,0,0,0,0,0
1719460723.970535,1,template1,0,0,0,0,0
1719460723.970535,4,template0,0,0,0,0,0
1719460723.970535,4212858,dbt5,0,0,0,0,0
1719460783.977793,5,postgres,0,0,0,0,0
1719460783.977793,4263817,dbt7,0,0,0,0,0
1719460783.977793,1,template1,0,0,0,0,0
1719460783.977793,4,template0,0,0,0,0,0
1719460783.977793,4212858,dbt5,0,0,0,0,0
1719460843.989647,5,postgres,0,0,0,0,0
1719460843.989647,4263817,dbt7,0,0,0,0,0
1719460843.989647,1,template1,0,0,0,0,0
1719460843.989647,4,template0,0,0,0,0,0
1719460843.989647,4212858,dbt5,0,0,0,0,0
1719460903.995275,5,postgres,0,0,0,0,0
1719460903.995275,4263817,dbt7,0,0,0,0,0
1719460903.995275,1,template1,0,0,0,0,0
1719460903.995275,4,template0,0,0,0,0,0
1719460903.995275,4212858,dbt5,0,0,0,0,0
1719460964.008439,5,postgres,0,0,0,0,0
1719460964.008439,4263817,dbt7,0,0,0,0,0
1719460964.008439,1,template1,0,0,0,0,0
1719460964.008439,4,template0,0,0,0,0,0
1719460964.008439,4212858,dbt5,0,0,0,0,0
1719461024.020797,5,postgres,0,0,0,0,0
1719461024.020797,4263817,dbt7,0,0,0,0,0
1719461024.020797,1,template1,0,0,0,0,0
1719461024.020797,4,template0,0,0,0,0,0
1719461024.020797,4212858,dbt5,0,0,0,0,0
1719461084.032214,5,postgres,0,0,0,0,0
1719461084.032214,4263817,dbt7,0,0,0,0,0
1719461084.032214,1,template1,0,0,0,0,0
1719461084.032214,4,template0,0,0,0,0,0
1719461084.032214,4212858,dbt5,0,0,0,0,0
1719461144.039450,5,postgres,0,0,0,0,0
1719461144.039450,4263817,dbt7,0,0,0,0,0
1719461144.039450,1,template1,0,0,0,0,0
1719461144.039450,4,template0,0,0,0,0,0
1719461144.039450,4212858,dbt5,0,0,0,0,0
1719461204.053247,5,postgres,0,0,0,0,0
1719461204.053247,4263817,dbt7,0,0,0,0,0
1719461204.053247,1,template1,0,0,0,0,0
1719461204.053247,4,template0,0,0,0,0,0
1719461204.053247,4212858,dbt5,0,0,0,0,0
1719461264.065249,5,postgres,0,0,0,0,0
1719461264.065249,4263817,dbt7,0,0,0,0,0
1719461264.065249,1,template1,0,0,0,0,0
1719461264.065249,4,template0,0,0,0,0,0
1719461264.065249,4212858,dbt5,0,0,0,0,0
1719461324.076809,5,postgres,0,0,0,0,0
1719461324.076809,4263817,dbt7,0,0,0,0,0
1719461324.076809,1,template1,0,0,0,0,0
1719461324.076809,4,template0,0,0,0,0,0
1719461324.076809,4212858,dbt5,0,0,0,0,0
1719461384.087057,5,postgres,0,0,0,0,0
1719461384.087057,4263817,dbt7,0,0,0,0,0
1719461384.087057,1,template1,0,0,0,0,0
1719461384.087057,4,template0,0,0,0,0,0
1719461384.087057,4212858,dbt5,0,0,0,0,0
1719461444.100532,5,postgres,0,0,0,0,0
1719461444.100532,4263817,dbt7,0,0,0,0,0
1719461444.100532,1,template1,0,0,0,0,0
1719461444.100532,4,template0,0,0,0,0,0
1719461444.100532,4212858,dbt5,0,0,0,0,0
1719461504.113172,5,postgres,0,0,0,0,0
1719461504.113172,4263817,dbt7,0,0,0,0,0
1719461504.113172,1,template1,0,0,0,0,0
1719461504.113172,4,template0,0,0,0,0,0
1719461504.113172,4212858,dbt5,0,0,0,0,0
1719461564.120261,5,postgres,0,0,0,0,0
1719461564.120261,4263817,dbt7,0,0,0,0,0
1719461564.120261,1,template1,0,0,0,0,0
1719461564.120261,4,template0,0,0,0,0,0
1719461564.120261,4212858,dbt5,0,0,0,0,0
1719461624.132194,5,postgres,0,0,0,0,0
1719461624.132194,4263817,dbt7,0,0,0,0,0
1719461624.132194,1,template1,0,0,0,0,0
1719461624.132194,4,template0,0,0,0,0,0
1719461624.132194,4212858,dbt5,0,0,0,0,0
1719461684.141757,5,postgres,0,0,0,0,0
1719461684.141757,4263817,dbt7,0,0,0,0,0
1719461684.141757,1,template1,0,0,0,0,0
1719461684.141757,4,template0,0,0,0,0,0
1719461684.141757,4212858,dbt5,0,0,0,0,0
1719461744.151182,5,postgres,0,0,0,0,0
1719461744.151182,4263817,dbt7,0,0,0,0,0
1719461744.151182,1,template1,0,0,0,0,0
1719461744.151182,4,template0,0,0,0,0,0
1719461744.151182,4212858,dbt5,0,0,0,0,0
1719461804.158472,5,postgres,0,0,0,0,0
1719461804.158472,4263817,dbt7,0,0,0,0,0
1719461804.158472,1,template1,0,0,0,0,0
1719461804.158472,4,template0,0,0,0,0,0
1719461804.158472,4212858,dbt5,0,0,0,0,0
1719461864.172212,5,postgres,0,0,0,0,0
1719461864.172212,4263817,dbt7,0,0,0,0,0
1719461864.172212,1,template1,0,0,0,0,0
1719461864.172212,4,template0,0,0,0,0,0
1719461864.172212,4212858,dbt5,0,0,0,0,0
1719461924.180535,5,postgres,0,0,0,0,0
1719461924.180535,4263817,dbt7,0,0,0,0,0
1719461924.180535,1,template1,0,0,0,0,0
1719461924.180535,4,template0,0,0,0,0,0
1719461924.180535,4212858,dbt5,0,0,0,0,0
1719461984.188700,5,postgres,0,0,0,0,0
1719461984.188700,4263817,dbt7,0,0,0,0,0
1719461984.188700,1,template1,0,0,0,0,0
1719461984.188700,4,template0,0,0,0,0,0
1719461984.188700,4212858,dbt5,0,0,0,0,0
1719462044.201030,5,postgres,0,0,0,0,0
1719462044.201030,4263817,dbt7,0,0,0,0,0
1719462044.201030,1,template1,0,0,0,0,0
1719462044.201030,4,template0,0,0,0,0,0
1719462044.201030,4212858,dbt5,0,0,0,0,0
1719462104.216281,5,postgres,0,0,0,0,0
1719462104.216281,4263817,dbt7,0,0,0,0,0
1719462104.216281,1,template1,0,0,0,0,0
1719462104.216281,4,template0,0,0,0,0,0
1719462104.216281,4212858,dbt5,0,0,0,0,0
1719462164.224387,5,postgres,0,0,0,0,0
1719462164.224387,4263817,dbt7,0,0,0,0,0
1719462164.224387,1,template1,0,0,0,0,0
1719462164.224387,4,template0,0,0,0,0,0
1719462164.224387,4212858,dbt5,0,0,0,0,0
1719462224.237535,5,postgres,0,0,0,0,0
1719462224.237535,4263817,dbt7,0,0,0,0,0
1719462224.237535,1,template1,0,0,0,0,0
1719462224.237535,4,template0,0,0,0,0,0
1719462224.237535,4212858,dbt5,0,0,0,0,0
1719462284.243021,5,postgres,0,0,0,0,0
1719462284.243021,4263817,dbt7,0,0,0,0,0
1719462284.243021,1,template1,0,0,0,0,0
1719462284.243021,4,template0,0,0,0,0,0
1719462284.243021,4212858,dbt5,0,0,0,0,0
1719462344.252529,5,postgres,0,0,0,0,0
1719462344.252529,4263817,dbt7,0,0,0,0,0
1719462344.252529,1,template1,0,0,0,0,0
1719462344.252529,4,template0,0,0,0,0,0
1719462344.252529,4212858,dbt5,0,0,0,0,0
1719462404.262138,5,postgres,0,0,0,0,0
1719462404.262138,4263817,dbt7,0,0,0,0,0
1719462404.262138,1,template1,0,0,0,0,0
1719462404.262138,4,template0,0,0,0,0,0
1719462404.262138,4212858,dbt5,0,0,0,0,0
1719462464.274302,5,postgres,0,0,0,0,0
1719462464.274302,4263817,dbt7,0,0,0,0,0
1719462464.274302,1,template1,0,0,0,0,0
1719462464.274302,4,template0,0,0,0,0,0
1719462464.274302,4212858,dbt5,0,0,0,0,0
1719462524.289779,5,postgres,0,0,0,0,0
1719462524.289779,4263817,dbt7,0,0,0,0,0
1719462524.289779,1,template1,0,0,0,0,0
1719462524.289779,4,template0,0,0,0,0,0
1719462524.289779,4212858,dbt5,0,0,0,0,0
1719462584.300700,5,postgres,0,0,0,0,0
1719462584.300700,4263817,dbt7,0,0,0,0,0
1719462584.300700,1,template1,0,0,0,0,0
1719462584.300700,4,template0,0,0,0,0,0
1719462584.300700,4212858,dbt5,0,0,0,0,0
1719462644.309426,5,postgres,0,0,0,0,0
1719462644.309426,4263817,dbt7,0,0,0,0,0
1719462644.309426,1,template1,0,0,0,0,0
1719462644.309426,4,template0,0,0,0,0,0
1719462644.309426,4212858,dbt5,0,0,0,0,0
1719462704.317288,5,postgres,0,0,0,0,0
1719462704.317288,4263817,dbt7,0,0,0,0,0
1719462704.317288,1,template1,0,0,0,0,0
1719462704.317288,4,template0,0,0,0,0,0
1719462704.317288,4212858,dbt5,0,0,0,0,0
1719462764.322400,5,postgres,0,0,0,0,0
1719462764.322400,4263817,dbt7,0,0,0,0,0
1719462764.322400,1,template1,0,0,0,0,0
1719462764.322400,4,template0,0,0,0,0,0
1719462764.322400,4212858,dbt5,0,0,0,0,0
1719462824.344140,5,postgres,0,0,0,0,0
1719462824.344140,4263817,dbt7,0,0,0,0,0
1719462824.344140,1,template1,0,0,0,0,0
1719462824.344140,4,template0,0,0,0,0,0
1719462824.344140,4212858,dbt5,0,0,0,0,0
1719462884.352592,5,postgres,0,0,0,0,0
1719462884.352592,4263817,dbt7,0,0,0,0,0
1719462884.352592,1,template1,0,0,0,0,0
1719462884.352592,4,template0,0,0,0,0,0
1719462884.352592,4212858,dbt5,0,0,0,0,0
1719462944.372423,5,postgres,0,0,0,0,0
1719462944.372423,4263817,dbt7,0,0,0,0,0
1719462944.372423,1,template1,0,0,0,0,0
1719462944.372423,4,template0,0,0,0,0,0
1719462944.372423,4212858,dbt5,0,0,0,0,0
1719463004.381189,5,postgres,0,0,0,0,0
1719463004.381189,4263817,dbt7,0,0,0,0,0
1719463004.381189,1,template1,0,0,0,0,0
1719463004.381189,4,template0,0,0,0,0,0
1719463004.381189,4212858,dbt5,0,0,0,0,0
1719463064.390488,5,postgres,0,0,0,0,0
1719463064.390488,4263817,dbt7,0,0,0,0,0
1719463064.390488,1,template1,0,0,0,0,0
1719463064.390488,4,template0,0,0,0,0,0
1719463064.390488,4212858,dbt5,0,0,0,0,0
1719463124.401109,5,postgres,0,0,0,0,0
1719463124.401109,4263817,dbt7,0,0,0,0,0
1719463124.401109,1,template1,0,0,0,0,0
1719463124.401109,4,template0,0,0,0,0,0
1719463124.401109,4212858,dbt5,0,0,0,0,0
1719463184.410328,5,postgres,0,0,0,0,0
1719463184.410328,4263817,dbt7,0,0,0,0,0
1719463184.410328,1,template1,0,0,0,0,0
1719463184.410328,4,template0,0,0,0,0,0
1719463184.410328,4212858,dbt5,0,0,0,0,0
1719463244.418134,5,postgres,0,0,0,0,0
1719463244.418134,4263817,dbt7,0,0,0,0,0
1719463244.418134,1,template1,0,0,0,0,0
1719463244.418134,4,template0,0,0,0,0,0
1719463244.418134,4212858,dbt5,0,0,0,0,0
1719463304.430751,5,postgres,0,0,0,0,0
1719463304.430751,4263817,dbt7,0,0,0,0,0
1719463304.430751,1,template1,0,0,0,0,0
1719463304.430751,4,template0,0,0,0,0,0
1719463304.430751,4212858,dbt5,0,0,0,0,0
1719463364.439408,5,postgres,0,0,0,0,0
1719463364.439408,4263817,dbt7,0,0,0,0,0
1719463364.439408,1,template1,0,0,0,0,0
1719463364.439408,4,template0,0,0,0,0,0
1719463364.439408,4212858,dbt5,0,0,0,0,0
1719463424.450087,5,postgres,0,0,0,0,0
1719463424.450087,4263817,dbt7,0,0,0,0,0
1719463424.450087,1,template1,0,0,0,0,0
1719463424.450087,4,template0,0,0,0,0,0
1719463424.450087,4212858,dbt5,0,0,0,0,0
1719463484.463012,5,postgres,0,0,0,0,0
1719463484.463012,4263817,dbt7,0,0,0,0,0
1719463484.463012,1,template1,0,0,0,0,0
1719463484.463012,4,template0,0,0,0,0,0
1719463484.463012,4212858,dbt5,0,0,0,0,0
1719463544.468589,5,postgres,0,0,0,0,0
1719463544.468589,4263817,dbt7,0,0,0,0,0
1719463544.468589,1,template1,0,0,0,0,0
1719463544.468589,4,template0,0,0,0,0,0
1719463544.468589,4212858,dbt5,0,0,0,0,0
1719463604.483627,5,postgres,0,0,0,0,0
1719463604.483627,4263817,dbt7,0,0,0,0,0
1719463604.483627,1,template1,0,0,0,0,0
1719463604.483627,4,template0,0,0,0,0,0
1719463604.483627,4212858,dbt5,0,0,0,0,0
1719463664.490986,5,postgres,0,0,0,0,0
1719463664.490986,4263817,dbt7,0,0,0,0,0
1719463664.490986,1,template1,0,0,0,0,0
1719463664.490986,4,template0,0,0,0,0,0
1719463664.490986,4212858,dbt5,0,0,0,0,0
1719463724.502764,5,postgres,0,0,0,0,0
1719463724.502764,4263817,dbt7,0,0,0,0,0
1719463724.502764,1,template1,0,0,0,0,0
1719463724.502764,4,template0,0,0,0,0,0
1719463724.502764,4212858,dbt5,0,0,0,0,0
1719463784.514179,5,postgres,0,0,0,0,0
1719463784.514179,4263817,dbt7,0,0,0,0,0
1719463784.514179,1,template1,0,0,0,0,0
1719463784.514179,4,template0,0,0,0,0,0
1719463784.514179,4212858,dbt5,0,0,0,0,0
1719463844.523204,5,postgres,0,0,0,0,0
1719463844.523204,4263817,dbt7,0,0,0,0,0
1719463844.523204,1,template1,0,0,0,0,0
1719463844.523204,4,template0,0,0,0,0,0
1719463844.523204,4212858,dbt5,0,0,0,0,0
1719463904.535546,5,postgres,0,0,0,0,0
1719463904.535546,4263817,dbt7,0,0,0,0,0
1719463904.535546,1,template1,0,0,0,0,0
1719463904.535546,4,template0,0,0,0,0,0
1719463904.535546,4212858,dbt5,0,0,0,0,0
1719463964.550496,5,postgres,0,0,0,0,0
1719463964.550496,4263817,dbt7,0,0,0,0,0
1719463964.550496,1,template1,0,0,0,0,0
1719463964.550496,4,template0,0,0,0,0,0
1719463964.550496,4212858,dbt5,0,0,0,0,0
1719464024.559046,5,postgres,0,0,0,0,0
1719464024.559046,4263817,dbt7,0,0,0,0,0
1719464024.559046,1,template1,0,0,0,0,0
1719464024.559046,4,template0,0,0,0,0,0
1719464024.559046,4212858,dbt5,0,0,0,0,0
1719464084.569980,5,postgres,0,0,0,0,0
1719464084.569980,4263817,dbt7,0,0,0,0,0
1719464084.569980,1,template1,0,0,0,0,0
1719464084.569980,4,template0,0,0,0,0,0
1719464084.569980,4212858,dbt5,0,0,0,0,0
1719464144.580282,5,postgres,0,0,0,0,0
1719464144.580282,4263817,dbt7,0,0,0,0,0
1719464144.580282,1,template1,0,0,0,0,0
1719464144.580282,4,template0,0,0,0,0,0
1719464144.580282,4212858,dbt5,0,0,0,0,0
1719464204.591018,5,postgres,0,0,0,0,0
1719464204.591018,4263817,dbt7,0,0,0,0,0
1719464204.591018,1,template1,0,0,0,0,0
1719464204.591018,4,template0,0,0,0,0,0
1719464204.591018,4212858,dbt5,0,0,0,0,0
1719464264.601885,5,postgres,0,0,0,0,0
1719464264.601885,4263817,dbt7,0,0,0,0,0
1719464264.601885,1,template1,0,0,0,0,0
1719464264.601885,4,template0,0,0,0,0,0
1719464264.601885,4212858,dbt5,0,0,0,0,0
1719464324.609654,5,postgres,0,0,0,0,0
1719464324.609654,4263817,dbt7,0,0,0,0,0
1719464324.609654,1,template1,0,0,0,0,0
1719464324.609654,4,template0,0,0,0,0,0
1719464324.609654,4212858,dbt5,0,0,0,0,0
1719464384.618280,5,postgres,0,0,0,0,0
1719464384.618280,4263817,dbt7,0,0,0,0,0
1719464384.618280,1,template1,0,0,0,0,0
1719464384.618280,4,template0,0,0,0,0,0
1719464384.618280,4212858,dbt5,0,0,0,0,0
1719464444.633577,5,postgres,0,0,0,0,0
1719464444.633577,4263817,dbt7,0,0,0,0,0
1719464444.633577,1,template1,0,0,0,0,0
1719464444.633577,4,template0,0,0,0,0,0
1719464444.633577,4212858,dbt5,0,0,0,0,0
1719464504.644473,5,postgres,0,0,0,0,0
1719464504.644473,4263817,dbt7,0,0,0,0,0
1719464504.644473,1,template1,0,0,0,0,0
1719464504.644473,4,template0,0,0,0,0,0
1719464504.644473,4212858,dbt5,0,0,0,0,0
1719464564.652700,5,postgres,0,0,0,0,0
1719464564.652700,4263817,dbt7,0,0,0,0,0
1719464564.652700,1,template1,0,0,0,0,0
1719464564.652700,4,template0,0,0,0,0,0
1719464564.652700,4212858,dbt5,0,0,0,0,0
1719464624.665883,5,postgres,0,0,0,0,0
1719464624.665883,4263817,dbt7,0,0,0,0,0
1719464624.665883,1,template1,0,0,0,0,0
1719464624.665883,4,template0,0,0,0,0,0
1719464624.665883,4212858,dbt5,0,0,0,0,0
1719464684.672397,5,postgres,0,0,0,0,0
1719464684.672397,4263817,dbt7,0,0,0,0,0
1719464684.672397,1,template1,0,0,0,0,0
1719464684.672397,4,template0,0,0,0,0,0
1719464684.672397,4212858,dbt5,0,0,0,0,0
1719464744.684123,5,postgres,0,0,0,0,0
1719464744.684123,4263817,dbt7,0,0,0,0,0
1719464744.684123,1,template1,0,0,0,0,0
1719464744.684123,4,template0,0,0,0,0,0
1719464744.684123,4212858,dbt5,0,0,0,0,0
1719464804.698180,5,postgres,0,0,0,0,0
1719464804.698180,4263817,dbt7,0,0,0,0,0
1719464804.698180,1,template1,0,0,0,0,0
1719464804.698180,4,template0,0,0,0,0,0
1719464804.698180,4212858,dbt5,0,0,0,0,0
