ctime,name,blks_zeroed,blks_hit,blks_read,blks_written,blks_exists,flushes,truncates,stats_reset
1719457543.411024,CommitTs,0,0,0,0,0,44,0,2024-06-13 18:53:49.178489+00
1719457543.411024,MultiXactMember,2,2851,5,12,0,54,0,2024-06-13 18:53:49.178489+00
1719457543.411024,MultiXactOffset,1,2854,10,11,10,54,0,2024-06-13 18:53:49.178489+00
1719457543.411024,Notify,0,0,0,0,0,0,0,2024-06-13 18:53:49.178489+00
1719457543.411024,Serial,0,0,0,0,0,0,0,2024-06-13 18:53:49.178489+00
1719457543.411024,Subtrans,739,172,0,736,0,44,43,2024-06-13 18:53:49.178489+00
1719457543.411024,Xact,705,89826180,9,759,0,44,0,2024-06-13 18:53:49.178489+00
1719457543.411024,other,0,0,0,0,0,0,0,2024-06-13 18:53:49.178489+00
1719457603.417855,CommitTs,0,0,0,0,0,44,0,2024-06-13 18:53:49.178489+00
1719457603.417855,MultiXactMember,2,2851,5,12,0,54,0,2024-06-13 18:53:49.178489+00
1719457603.417855,MultiXactOffset,1,2854,10,11,10,54,0,2024-06-13 18:53:49.178489+00
1719457603.417855,Notify,0,0,0,0,0,0,0,2024-06-13 18:53:49.178489+00
1719457603.417855,Serial,0,0,0,0,0,0,0,2024-06-13 18:53:49.178489+00
1719457603.417855,Subtrans,739,172,0,736,0,44,43,2024-06-13 18:53:49.178489+00
1719457603.417855,Xact,705,89826181,9,759,0,44,0,2024-06-13 18:53:49.178489+00
1719457603.417855,other,0,0,0,0,0,0,0,2024-06-13 18:53:49.178489+00
1719457663.432291,CommitTs,0,0,0,0,0,44,0,2024-06-13 18:53:49.178489+00
1719457663.432291,MultiXactMember,2,2851,5,12,0,54,0,2024-06-13 18:53:49.178489+00
1719457663.432291,MultiXactOffset,1,2854,10,11,10,54,0,2024-06-13 18:53:49.178489+00
1719457663.432291,Notify,0,0,0,0,0,0,0,2024-06-13 18:53:49.178489+00
1719457663.432291,Serial,0,0,0,0,0,0,0,2024-06-13 18:53:49.178489+00
1719457663.432291,Subtrans,739,172,0,736,0,44,43,2024-06-13 18:53:49.178489+00
1719457663.432291,Xact,705,89826181,9,759,0,44,0,2024-06-13 18:53:49.178489+00
1719457663.432291,other,0,0,0,0,0,0,0,2024-06-13 18:53:49.178489+00
1719457723.443101,CommitTs,0,0,0,0,0,44,0,2024-06-13 18:53:49.178489+00
1719457723.443101,MultiXactMember,2,2851,5,12,0,54,0,2024-06-13 18:53:49.178489+00
1719457723.443101,MultiXactOffset,1,2854,10,11,10,54,0,2024-06-13 18:53:49.178489+00
1719457723.443101,Notify,0,0,0,0,0,0,0,2024-06-13 18:53:49.178489+00
1719457723.443101,Serial,0,0,0,0,0,0,0,2024-06-13 18:53:49.178489+00
1719457723.443101,Subtrans,739,172,0,736,0,44,43,2024-06-13 18:53:49.178489+00
1719457723.443101,Xact,705,89826181,9,759,0,44,0,2024-06-13 18:53:49.178489+00
1719457723.443101,other,0,0,0,0,0,0,0,2024-06-13 18:53:49.178489+00
1719457783.453945,CommitTs,0,0,0,0,0,44,0,2024-06-13 18:53:49.178489+00
1719457783.453945,MultiXactMember,2,2851,5,12,0,54,0,2024-06-13 18:53:49.178489+00
1719457783.453945,MultiXactOffset,1,2854,10,11,10,54,0,2024-06-13 18:53:49.178489+00
1719457783.453945,Notify,0,0,0,0,0,0,0,2024-06-13 18:53:49.178489+00
1719457783.453945,Serial,0,0,0,0,0,0,0,2024-06-13 18:53:49.178489+00
1719457783.453945,Subtrans,739,172,0,736,0,44,43,2024-06-13 18:53:49.178489+00
1719457783.453945,Xact,705,89826182,9,759,0,44,0,2024-06-13 18:53:49.178489+00
1719457783.453945,other,0,0,0,0,0,0,0,2024-06-13 18:53:49.178489+00
1719457843.462218,CommitTs,0,0,0,0,0,44,0,2024-06-13 18:53:49.178489+00
1719457843.462218,MultiXactMember,2,2851,5,12,0,54,0,2024-06-13 18:53:49.178489+00
1719457843.462218,MultiXactOffset,1,2854,10,11,10,54,0,2024-06-13 18:53:49.178489+00
1719457843.462218,Notify,0,0,0,0,0,0,0,2024-06-13 18:53:49.178489+00
1719457843.462218,Serial,0,0,0,0,0,0,0,2024-06-13 18:53:49.178489+00
1719457843.462218,Subtrans,739,172,0,736,0,44,43,2024-06-13 18:53:49.178489+00
1719457843.462218,Xact,705,89826182,9,759,0,44,0,2024-06-13 18:53:49.178489+00
1719457843.462218,other,0,0,0,0,0,0,0,2024-06-13 18:53:49.178489+00
1719457903.474025,CommitTs,0,0,0,0,0,44,0,2024-06-13 18:53:49.178489+00
1719457903.474025,MultiXactMember,2,2851,5,12,0,54,0,2024-06-13 18:53:49.178489+00
1719457903.474025,MultiXactOffset,1,2854,10,11,10,54,0,2024-06-13 18:53:49.178489+00
1719457903.474025,Notify,0,0,0,0,0,0,0,2024-06-13 18:53:49.178489+00
1719457903.474025,Serial,0,0,0,0,0,0,0,2024-06-13 18:53:49.178489+00
1719457903.474025,Subtrans,739,172,0,736,0,44,43,2024-06-13 18:53:49.178489+00
1719457903.474025,Xact,705,89826182,9,759,0,44,0,2024-06-13 18:53:49.178489+00
1719457903.474025,other,0,0,0,0,0,0,0,2024-06-13 18:53:49.178489+00
1719457963.484887,CommitTs,0,0,0,0,0,44,0,2024-06-13 18:53:49.178489+00
1719457963.484887,MultiXactMember,2,2851,5,12,0,54,0,2024-06-13 18:53:49.178489+00
1719457963.484887,MultiXactOffset,1,2854,10,11,10,54,0,2024-06-13 18:53:49.178489+00
1719457963.484887,Notify,0,0,0,0,0,0,0,2024-06-13 18:53:49.178489+00
1719457963.484887,Serial,0,0,0,0,0,0,0,2024-06-13 18:53:49.178489+00
1719457963.484887,Subtrans,739,172,0,736,0,44,43,2024-06-13 18:53:49.178489+00
1719457963.484887,Xact,705,89826182,9,759,0,44,0,2024-06-13 18:53:49.178489+00
1719457963.484887,other,0,0,0,0,0,0,0,2024-06-13 18:53:49.178489+00
1719458023.500188,CommitTs,0,0,0,0,0,44,0,2024-06-13 18:53:49.178489+00
1719458023.500188,MultiXactMember,2,2851,5,12,0,54,0,2024-06-13 18:53:49.178489+00
1719458023.500188,MultiXactOffset,1,2854,10,11,10,54,0,2024-06-13 18:53:49.178489+00
1719458023.500188,Notify,0,0,0,0,0,0,0,2024-06-13 18:53:49.178489+00
1719458023.500188,Serial,0,0,0,0,0,0,0,2024-06-13 18:53:49.178489+00
1719458023.500188,Subtrans,739,172,0,736,0,44,43,2024-06-13 18:53:49.178489+00
1719458023.500188,Xact,705,89826182,9,759,0,44,0,2024-06-13 18:53:49.178489+00
1719458023.500188,other,0,0,0,0,0,0,0,2024-06-13 18:53:49.178489+00
1719458083.508804,CommitTs,0,0,0,0,0,44,0,2024-06-13 18:53:49.178489+00
1719458083.508804,MultiXactMember,2,2851,5,12,0,54,0,2024-06-13 18:53:49.178489+00
1719458083.508804,MultiXactOffset,1,2854,10,11,10,54,0,2024-06-13 18:53:49.178489+00
1719458083.508804,Notify,0,0,0,0,0,0,0,2024-06-13 18:53:49.178489+00
1719458083.508804,Serial,0,0,0,0,0,0,0,2024-06-13 18:53:49.178489+00
1719458083.508804,Subtrans,739,172,0,736,0,44,43,2024-06-13 18:53:49.178489+00
1719458083.508804,Xact,705,89826182,9,759,0,44,0,2024-06-13 18:53:49.178489+00
1719458083.508804,other,0,0,0,0,0,0,0,2024-06-13 18:53:49.178489+00
1719458143.518947,CommitTs,0,0,0,0,0,44,0,2024-06-13 18:53:49.178489+00
1719458143.518947,MultiXactMember,2,2851,5,12,0,54,0,2024-06-13 18:53:49.178489+00
1719458143.518947,MultiXactOffset,1,2854,10,11,10,54,0,2024-06-13 18:53:49.178489+00
1719458143.518947,Notify,0,0,0,0,0,0,0,2024-06-13 18:53:49.178489+00
1719458143.518947,Serial,0,0,0,0,0,0,0,2024-06-13 18:53:49.178489+00
1719458143.518947,Subtrans,739,172,0,736,0,44,43,2024-06-13 18:53:49.178489+00
1719458143.518947,Xact,705,89826182,9,759,0,44,0,2024-06-13 18:53:49.178489+00
1719458143.518947,other,0,0,0,0,0,0,0,2024-06-13 18:53:49.178489+00
1719458203.532545,CommitTs,0,0,0,0,0,44,0,2024-06-13 18:53:49.178489+00
1719458203.532545,MultiXactMember,2,2851,5,12,0,54,0,2024-06-13 18:53:49.178489+00
1719458203.532545,MultiXactOffset,1,2854,10,11,10,54,0,2024-06-13 18:53:49.178489+00
1719458203.532545,Notify,0,0,0,0,0,0,0,2024-06-13 18:53:49.178489+00
1719458203.532545,Serial,0,0,0,0,0,0,0,2024-06-13 18:53:49.178489+00
1719458203.532545,Subtrans,739,172,0,736,0,44,43,2024-06-13 18:53:49.178489+00
1719458203.532545,Xact,705,89826182,9,759,0,44,0,2024-06-13 18:53:49.178489+00
1719458203.532545,other,0,0,0,0,0,0,0,2024-06-13 18:53:49.178489+00
1719458263.538499,CommitTs,0,0,0,0,0,44,0,2024-06-13 18:53:49.178489+00
1719458263.538499,MultiXactMember,2,2851,5,12,0,54,0,2024-06-13 18:53:49.178489+00
1719458263.538499,MultiXactOffset,1,2854,10,11,10,54,0,2024-06-13 18:53:49.178489+00
1719458263.538499,Notify,0,0,0,0,0,0,0,2024-06-13 18:53:49.178489+00
1719458263.538499,Serial,0,0,0,0,0,0,0,2024-06-13 18:53:49.178489+00
1719458263.538499,Subtrans,739,172,0,736,0,44,43,2024-06-13 18:53:49.178489+00
1719458263.538499,Xact,705,89826182,9,759,0,44,0,2024-06-13 18:53:49.178489+00
1719458263.538499,other,0,0,0,0,0,0,0,2024-06-13 18:53:49.178489+00
1719458323.549148,CommitTs,0,0,0,0,0,44,0,2024-06-13 18:53:49.178489+00
1719458323.549148,MultiXactMember,2,2851,5,12,0,54,0,2024-06-13 18:53:49.178489+00
1719458323.549148,MultiXactOffset,1,2854,10,11,10,54,0,2024-06-13 18:53:49.178489+00
1719458323.549148,Notify,0,0,0,0,0,0,0,2024-06-13 18:53:49.178489+00
1719458323.549148,Serial,0,0,0,0,0,0,0,2024-06-13 18:53:49.178489+00
1719458323.549148,Subtrans,739,172,0,736,0,44,43,2024-06-13 18:53:49.178489+00
1719458323.549148,Xact,705,89826182,9,759,0,44,0,2024-06-13 18:53:49.178489+00
1719458323.549148,other,0,0,0,0,0,0,0,2024-06-13 18:53:49.178489+00
1719458383.562908,CommitTs,0,0,0,0,0,44,0,2024-06-13 18:53:49.178489+00
1719458383.562908,MultiXactMember,2,2851,5,12,0,54,0,2024-06-13 18:53:49.178489+00
1719458383.562908,MultiXactOffset,1,2854,10,11,10,54,0,2024-06-13 18:53:49.178489+00
1719458383.562908,Notify,0,0,0,0,0,0,0,2024-06-13 18:53:49.178489+00
1719458383.562908,Serial,0,0,0,0,0,0,0,2024-06-13 18:53:49.178489+00
1719458383.562908,Subtrans,739,172,0,736,0,44,43,2024-06-13 18:53:49.178489+00
1719458383.562908,Xact,705,89826182,9,759,0,44,0,2024-06-13 18:53:49.178489+00
1719458383.562908,other,0,0,0,0,0,0,0,2024-06-13 18:53:49.178489+00
1719458443.577084,CommitTs,0,0,0,0,0,44,0,2024-06-13 18:53:49.178489+00
1719458443.577084,MultiXactMember,2,2851,5,12,0,54,0,2024-06-13 18:53:49.178489+00
1719458443.577084,MultiXactOffset,1,2854,10,11,10,54,0,2024-06-13 18:53:49.178489+00
1719458443.577084,Notify,0,0,0,0,0,0,0,2024-06-13 18:53:49.178489+00
1719458443.577084,Serial,0,0,0,0,0,0,0,2024-06-13 18:53:49.178489+00
1719458443.577084,Subtrans,739,172,0,736,0,44,43,2024-06-13 18:53:49.178489+00
1719458443.577084,Xact,705,89826182,9,759,0,44,0,2024-06-13 18:53:49.178489+00
1719458443.577084,other,0,0,0,0,0,0,0,2024-06-13 18:53:49.178489+00
1719458503.586177,CommitTs,0,0,0,0,0,44,0,2024-06-13 18:53:49.178489+00
1719458503.586177,MultiXactMember,2,2851,5,12,0,54,0,2024-06-13 18:53:49.178489+00
1719458503.586177,MultiXactOffset,1,2854,10,11,10,54,0,2024-06-13 18:53:49.178489+00
1719458503.586177,Notify,0,0,0,0,0,0,0,2024-06-13 18:53:49.178489+00
1719458503.586177,Serial,0,0,0,0,0,0,0,2024-06-13 18:53:49.178489+00
1719458503.586177,Subtrans,739,172,0,736,0,44,43,2024-06-13 18:53:49.178489+00
1719458503.586177,Xact,705,89826182,9,759,0,44,0,2024-06-13 18:53:49.178489+00
1719458503.586177,other,0,0,0,0,0,0,0,2024-06-13 18:53:49.178489+00
1719458563.597283,CommitTs,0,0,0,0,0,44,0,2024-06-13 18:53:49.178489+00
1719458563.597283,MultiXactMember,2,2851,5,12,0,54,0,2024-06-13 18:53:49.178489+00
1719458563.597283,MultiXactOffset,1,2854,10,11,10,54,0,2024-06-13 18:53:49.178489+00
1719458563.597283,Notify,0,0,0,0,0,0,0,2024-06-13 18:53:49.178489+00
1719458563.597283,Serial,0,0,0,0,0,0,0,2024-06-13 18:53:49.178489+00
1719458563.597283,Subtrans,739,172,0,736,0,44,43,2024-06-13 18:53:49.178489+00
1719458563.597283,Xact,705,89826182,9,759,0,44,0,2024-06-13 18:53:49.178489+00
1719458563.597283,other,0,0,0,0,0,0,0,2024-06-13 18:53:49.178489+00
1719458623.612755,CommitTs,0,0,0,0,0,44,0,2024-06-13 18:53:49.178489+00
1719458623.612755,MultiXactMember,2,2851,5,12,0,54,0,2024-06-13 18:53:49.178489+00
1719458623.612755,MultiXactOffset,1,2854,10,11,10,54,0,2024-06-13 18:53:49.178489+00
1719458623.612755,Notify,0,0,0,0,0,0,0,2024-06-13 18:53:49.178489+00
1719458623.612755,Serial,0,0,0,0,0,0,0,2024-06-13 18:53:49.178489+00
1719458623.612755,Subtrans,739,172,0,736,0,44,43,2024-06-13 18:53:49.178489+00
1719458623.612755,Xact,705,89826182,9,759,0,44,0,2024-06-13 18:53:49.178489+00
1719458623.612755,other,0,0,0,0,0,0,0,2024-06-13 18:53:49.178489+00
1719458683.622010,CommitTs,0,0,0,0,0,44,0,2024-06-13 18:53:49.178489+00
1719458683.622010,MultiXactMember,2,2851,5,12,0,54,0,2024-06-13 18:53:49.178489+00
1719458683.622010,MultiXactOffset,1,2854,10,11,10,54,0,2024-06-13 18:53:49.178489+00
1719458683.622010,Notify,0,0,0,0,0,0,0,2024-06-13 18:53:49.178489+00
1719458683.622010,Serial,0,0,0,0,0,0,0,2024-06-13 18:53:49.178489+00
1719458683.622010,Subtrans,739,172,0,736,0,44,43,2024-06-13 18:53:49.178489+00
1719458683.622010,Xact,705,89826182,9,759,0,44,0,2024-06-13 18:53:49.178489+00
1719458683.622010,other,0,0,0,0,0,0,0,2024-06-13 18:53:49.178489+00
1719458743.632400,CommitTs,0,0,0,0,0,44,0,2024-06-13 18:53:49.178489+00
1719458743.632400,MultiXactMember,2,2851,5,12,0,54,0,2024-06-13 18:53:49.178489+00
1719458743.632400,MultiXactOffset,1,2854,10,11,10,54,0,2024-06-13 18:53:49.178489+00
1719458743.632400,Notify,0,0,0,0,0,0,0,2024-06-13 18:53:49.178489+00
1719458743.632400,Serial,0,0,0,0,0,0,0,2024-06-13 18:53:49.178489+00
1719458743.632400,Subtrans,739,172,0,736,0,44,43,2024-06-13 18:53:49.178489+00
1719458743.632400,Xact,705,89826182,9,759,0,44,0,2024-06-13 18:53:49.178489+00
1719458743.632400,other,0,0,0,0,0,0,0,2024-06-13 18:53:49.178489+00
1719458803.644497,CommitTs,0,0,0,0,0,44,0,2024-06-13 18:53:49.178489+00
1719458803.644497,MultiXactMember,2,2851,5,12,0,54,0,2024-06-13 18:53:49.178489+00
1719458803.644497,MultiXactOffset,1,2854,10,11,10,54,0,2024-06-13 18:53:49.178489+00
1719458803.644497,Notify,0,0,0,0,0,0,0,2024-06-13 18:53:49.178489+00
1719458803.644497,Serial,0,0,0,0,0,0,0,2024-06-13 18:53:49.178489+00
1719458803.644497,Subtrans,739,172,0,736,0,44,43,2024-06-13 18:53:49.178489+00
1719458803.644497,Xact,705,89826182,9,759,0,44,0,2024-06-13 18:53:49.178489+00
1719458803.644497,other,0,0,0,0,0,0,0,2024-06-13 18:53:49.178489+00
1719458863.650984,CommitTs,0,0,0,0,0,44,0,2024-06-13 18:53:49.178489+00
1719458863.650984,MultiXactMember,2,2851,5,12,0,54,0,2024-06-13 18:53:49.178489+00
1719458863.650984,MultiXactOffset,1,2854,10,11,10,54,0,2024-06-13 18:53:49.178489+00
1719458863.650984,Notify,0,0,0,0,0,0,0,2024-06-13 18:53:49.178489+00
1719458863.650984,Serial,0,0,0,0,0,0,0,2024-06-13 18:53:49.178489+00
1719458863.650984,Subtrans,739,172,0,736,0,44,43,2024-06-13 18:53:49.178489+00
1719458863.650984,Xact,705,89826182,9,759,0,44,0,2024-06-13 18:53:49.178489+00
1719458863.650984,other,0,0,0,0,0,0,0,2024-06-13 18:53:49.178489+00
1719458923.661039,CommitTs,0,0,0,0,0,44,0,2024-06-13 18:53:49.178489+00
1719458923.661039,MultiXactMember,2,2851,5,12,0,54,0,2024-06-13 18:53:49.178489+00
1719458923.661039,MultiXactOffset,1,2854,10,11,10,54,0,2024-06-13 18:53:49.178489+00
1719458923.661039,Notify,0,0,0,0,0,0,0,2024-06-13 18:53:49.178489+00
1719458923.661039,Serial,0,0,0,0,0,0,0,2024-06-13 18:53:49.178489+00
1719458923.661039,Subtrans,739,172,0,736,0,44,43,2024-06-13 18:53:49.178489+00
1719458923.661039,Xact,705,89826182,9,759,0,44,0,2024-06-13 18:53:49.178489+00
1719458923.661039,other,0,0,0,0,0,0,0,2024-06-13 18:53:49.178489+00
1719458983.672813,CommitTs,0,0,0,0,0,44,0,2024-06-13 18:53:49.178489+00
1719458983.672813,MultiXactMember,2,2851,5,12,0,54,0,2024-06-13 18:53:49.178489+00
1719458983.672813,MultiXactOffset,1,2854,10,11,10,54,0,2024-06-13 18:53:49.178489+00
1719458983.672813,Notify,0,0,0,0,0,0,0,2024-06-13 18:53:49.178489+00
1719458983.672813,Serial,0,0,0,0,0,0,0,2024-06-13 18:53:49.178489+00
1719458983.672813,Subtrans,739,172,0,736,0,44,43,2024-06-13 18:53:49.178489+00
1719458983.672813,Xact,705,89826182,9,759,0,44,0,2024-06-13 18:53:49.178489+00
1719458983.672813,other,0,0,0,0,0,0,0,2024-06-13 18:53:49.178489+00
1719459043.683945,CommitTs,0,0,0,0,0,44,0,2024-06-13 18:53:49.178489+00
1719459043.683945,MultiXactMember,2,2851,5,12,0,54,0,2024-06-13 18:53:49.178489+00
1719459043.683945,MultiXactOffset,1,2854,10,11,10,54,0,2024-06-13 18:53:49.178489+00
1719459043.683945,Notify,0,0,0,0,0,0,0,2024-06-13 18:53:49.178489+00
1719459043.683945,Serial,0,0,0,0,0,0,0,2024-06-13 18:53:49.178489+00
1719459043.683945,Subtrans,739,172,0,736,0,44,43,2024-06-13 18:53:49.178489+00
1719459043.683945,Xact,705,89826182,9,759,0,44,0,2024-06-13 18:53:49.178489+00
1719459043.683945,other,0,0,0,0,0,0,0,2024-06-13 18:53:49.178489+00
1719459103.692369,CommitTs,0,0,0,0,0,44,0,2024-06-13 18:53:49.178489+00
1719459103.692369,MultiXactMember,2,2851,5,12,0,54,0,2024-06-13 18:53:49.178489+00
1719459103.692369,MultiXactOffset,1,2854,10,11,10,54,0,2024-06-13 18:53:49.178489+00
1719459103.692369,Notify,0,0,0,0,0,0,0,2024-06-13 18:53:49.178489+00
1719459103.692369,Serial,0,0,0,0,0,0,0,2024-06-13 18:53:49.178489+00
1719459103.692369,Subtrans,739,172,0,736,0,44,43,2024-06-13 18:53:49.178489+00
1719459103.692369,Xact,705,89826182,9,759,0,44,0,2024-06-13 18:53:49.178489+00
1719459103.692369,other,0,0,0,0,0,0,0,2024-06-13 18:53:49.178489+00
1719459163.706867,CommitTs,0,0,0,0,0,44,0,2024-06-13 18:53:49.178489+00
1719459163.706867,MultiXactMember,2,2851,5,12,0,54,0,2024-06-13 18:53:49.178489+00
1719459163.706867,MultiXactOffset,1,2854,10,11,10,54,0,2024-06-13 18:53:49.178489+00
1719459163.706867,Notify,0,0,0,0,0,0,0,2024-06-13 18:53:49.178489+00
1719459163.706867,Serial,0,0,0,0,0,0,0,2024-06-13 18:53:49.178489+00
1719459163.706867,Subtrans,739,172,0,736,0,44,43,2024-06-13 18:53:49.178489+00
1719459163.706867,Xact,705,89826182,9,759,0,44,0,2024-06-13 18:53:49.178489+00
1719459163.706867,other,0,0,0,0,0,0,0,2024-06-13 18:53:49.178489+00
1719459223.709933,CommitTs,0,0,0,0,0,44,0,2024-06-13 18:53:49.178489+00
1719459223.709933,MultiXactMember,2,2851,5,12,0,54,0,2024-06-13 18:53:49.178489+00
1719459223.709933,MultiXactOffset,1,2854,10,11,10,54,0,2024-06-13 18:53:49.178489+00
1719459223.709933,Notify,0,0,0,0,0,0,0,2024-06-13 18:53:49.178489+00
1719459223.709933,Serial,0,0,0,0,0,0,0,2024-06-13 18:53:49.178489+00
1719459223.709933,Subtrans,739,172,0,736,0,44,43,2024-06-13 18:53:49.178489+00
1719459223.709933,Xact,705,89826182,9,759,0,44,0,2024-06-13 18:53:49.178489+00
1719459223.709933,other,0,0,0,0,0,0,0,2024-06-13 18:53:49.178489+00
1719459283.717724,CommitTs,0,0,0,0,0,44,0,2024-06-13 18:53:49.178489+00
1719459283.717724,MultiXactMember,2,2851,5,12,0,54,0,2024-06-13 18:53:49.178489+00
1719459283.717724,MultiXactOffset,1,2854,10,11,10,54,0,2024-06-13 18:53:49.178489+00
1719459283.717724,Notify,0,0,0,0,0,0,0,2024-06-13 18:53:49.178489+00
1719459283.717724,Serial,0,0,0,0,0,0,0,2024-06-13 18:53:49.178489+00
1719459283.717724,Subtrans,739,172,0,736,0,44,43,2024-06-13 18:53:49.178489+00
1719459283.717724,Xact,705,89826182,9,759,0,44,0,2024-06-13 18:53:49.178489+00
1719459283.717724,other,0,0,0,0,0,0,0,2024-06-13 18:53:49.178489+00
1719459343.732568,CommitTs,0,0,0,0,0,44,0,2024-06-13 18:53:49.178489+00
1719459343.732568,MultiXactMember,2,2851,5,12,0,54,0,2024-06-13 18:53:49.178489+00
1719459343.732568,MultiXactOffset,1,2854,10,11,10,54,0,2024-06-13 18:53:49.178489+00
1719459343.732568,Notify,0,0,0,0,0,0,0,2024-06-13 18:53:49.178489+00
1719459343.732568,Serial,0,0,0,0,0,0,0,2024-06-13 18:53:49.178489+00
1719459343.732568,Subtrans,739,172,0,736,0,44,43,2024-06-13 18:53:49.178489+00
1719459343.732568,Xact,705,89826182,9,759,0,44,0,2024-06-13 18:53:49.178489+00
1719459343.732568,other,0,0,0,0,0,0,0,2024-06-13 18:53:49.178489+00
1719459403.743889,CommitTs,0,0,0,0,0,44,0,2024-06-13 18:53:49.178489+00
1719459403.743889,MultiXactMember,2,2851,5,12,0,54,0,2024-06-13 18:53:49.178489+00
1719459403.743889,MultiXactOffset,1,2854,10,11,10,54,0,2024-06-13 18:53:49.178489+00
1719459403.743889,Notify,0,0,0,0,0,0,0,2024-06-13 18:53:49.178489+00
1719459403.743889,Serial,0,0,0,0,0,0,0,2024-06-13 18:53:49.178489+00
1719459403.743889,Subtrans,739,172,0,736,0,44,43,2024-06-13 18:53:49.178489+00
1719459403.743889,Xact,705,89826182,9,759,0,44,0,2024-06-13 18:53:49.178489+00
1719459403.743889,other,0,0,0,0,0,0,0,2024-06-13 18:53:49.178489+00
1719459463.754484,CommitTs,0,0,0,0,0,44,0,2024-06-13 18:53:49.178489+00
1719459463.754484,MultiXactMember,2,2851,5,12,0,54,0,2024-06-13 18:53:49.178489+00
1719459463.754484,MultiXactOffset,1,2854,10,11,10,54,0,2024-06-13 18:53:49.178489+00
1719459463.754484,Notify,0,0,0,0,0,0,0,2024-06-13 18:53:49.178489+00
1719459463.754484,Serial,0,0,0,0,0,0,0,2024-06-13 18:53:49.178489+00
1719459463.754484,Subtrans,739,172,0,736,0,44,43,2024-06-13 18:53:49.178489+00
1719459463.754484,Xact,705,89826182,9,759,0,44,0,2024-06-13 18:53:49.178489+00
1719459463.754484,other,0,0,0,0,0,0,0,2024-06-13 18:53:49.178489+00
1719459523.767942,CommitTs,0,0,0,0,0,44,0,2024-06-13 18:53:49.178489+00
1719459523.767942,MultiXactMember,2,2851,5,12,0,54,0,2024-06-13 18:53:49.178489+00
1719459523.767942,MultiXactOffset,1,2854,10,11,10,54,0,2024-06-13 18:53:49.178489+00
1719459523.767942,Notify,0,0,0,0,0,0,0,2024-06-13 18:53:49.178489+00
1719459523.767942,Serial,0,0,0,0,0,0,0,2024-06-13 18:53:49.178489+00
1719459523.767942,Subtrans,739,172,0,736,0,44,43,2024-06-13 18:53:49.178489+00
1719459523.767942,Xact,705,89826182,9,759,0,44,0,2024-06-13 18:53:49.178489+00
1719459523.767942,other,0,0,0,0,0,0,0,2024-06-13 18:53:49.178489+00
1719459583.773551,CommitTs,0,0,0,0,0,44,0,2024-06-13 18:53:49.178489+00
1719459583.773551,MultiXactMember,2,2851,5,12,0,54,0,2024-06-13 18:53:49.178489+00
1719459583.773551,MultiXactOffset,1,2854,10,11,10,54,0,2024-06-13 18:53:49.178489+00
1719459583.773551,Notify,0,0,0,0,0,0,0,2024-06-13 18:53:49.178489+00
1719459583.773551,Serial,0,0,0,0,0,0,0,2024-06-13 18:53:49.178489+00
1719459583.773551,Subtrans,739,172,0,736,0,44,43,2024-06-13 18:53:49.178489+00
1719459583.773551,Xact,705,89826182,9,759,0,44,0,2024-06-13 18:53:49.178489+00
1719459583.773551,other,0,0,0,0,0,0,0,2024-06-13 18:53:49.178489+00
1719459643.787741,CommitTs,0,0,0,0,0,44,0,2024-06-13 18:53:49.178489+00
1719459643.787741,MultiXactMember,2,2851,5,12,0,54,0,2024-06-13 18:53:49.178489+00
1719459643.787741,MultiXactOffset,1,2854,10,11,10,54,0,2024-06-13 18:53:49.178489+00
1719459643.787741,Notify,0,0,0,0,0,0,0,2024-06-13 18:53:49.178489+00
1719459643.787741,Serial,0,0,0,0,0,0,0,2024-06-13 18:53:49.178489+00
1719459643.787741,Subtrans,739,172,0,736,0,44,43,2024-06-13 18:53:49.178489+00
1719459643.787741,Xact,705,89826182,9,759,0,44,0,2024-06-13 18:53:49.178489+00
1719459643.787741,other,0,0,0,0,0,0,0,2024-06-13 18:53:49.178489+00
1719459703.798451,CommitTs,0,0,0,0,0,44,0,2024-06-13 18:53:49.178489+00
1719459703.798451,MultiXactMember,2,2851,5,12,0,54,0,2024-06-13 18:53:49.178489+00
1719459703.798451,MultiXactOffset,1,2854,10,11,10,54,0,2024-06-13 18:53:49.178489+00
1719459703.798451,Notify,0,0,0,0,0,0,0,2024-06-13 18:53:49.178489+00
1719459703.798451,Serial,0,0,0,0,0,0,0,2024-06-13 18:53:49.178489+00
1719459703.798451,Subtrans,739,172,0,736,0,44,43,2024-06-13 18:53:49.178489+00
1719459703.798451,Xact,705,89826182,9,759,0,44,0,2024-06-13 18:53:49.178489+00
1719459703.798451,other,0,0,0,0,0,0,0,2024-06-13 18:53:49.178489+00
1719459763.810943,CommitTs,0,0,0,0,0,44,0,2024-06-13 18:53:49.178489+00
1719459763.810943,MultiXactMember,2,2851,5,12,0,54,0,2024-06-13 18:53:49.178489+00
1719459763.810943,MultiXactOffset,1,2854,10,11,10,54,0,2024-06-13 18:53:49.178489+00
1719459763.810943,Notify,0,0,0,0,0,0,0,2024-06-13 18:53:49.178489+00
1719459763.810943,Serial,0,0,0,0,0,0,0,2024-06-13 18:53:49.178489+00
1719459763.810943,Subtrans,739,172,0,736,0,44,43,2024-06-13 18:53:49.178489+00
1719459763.810943,Xact,705,89826182,9,759,0,44,0,2024-06-13 18:53:49.178489+00
1719459763.810943,other,0,0,0,0,0,0,0,2024-06-13 18:53:49.178489+00
1719459823.819665,CommitTs,0,0,0,0,0,44,0,2024-06-13 18:53:49.178489+00
1719459823.819665,MultiXactMember,2,2851,5,12,0,54,0,2024-06-13 18:53:49.178489+00
1719459823.819665,MultiXactOffset,1,2854,10,11,10,54,0,2024-06-13 18:53:49.178489+00
1719459823.819665,Notify,0,0,0,0,0,0,0,2024-06-13 18:53:49.178489+00
1719459823.819665,Serial,0,0,0,0,0,0,0,2024-06-13 18:53:49.178489+00
1719459823.819665,Subtrans,739,172,0,736,0,44,43,2024-06-13 18:53:49.178489+00
1719459823.819665,Xact,705,89826182,9,759,0,44,0,2024-06-13 18:53:49.178489+00
1719459823.819665,other,0,0,0,0,0,0,0,2024-06-13 18:53:49.178489+00
1719459883.824950,CommitTs,0,0,0,0,0,44,0,2024-06-13 18:53:49.178489+00
1719459883.824950,MultiXactMember,2,2851,5,12,0,54,0,2024-06-13 18:53:49.178489+00
1719459883.824950,MultiXactOffset,1,2854,10,11,10,54,0,2024-06-13 18:53:49.178489+00
1719459883.824950,Notify,0,0,0,0,0,0,0,2024-06-13 18:53:49.178489+00
1719459883.824950,Serial,0,0,0,0,0,0,0,2024-06-13 18:53:49.178489+00
1719459883.824950,Subtrans,739,172,0,736,0,44,43,2024-06-13 18:53:49.178489+00
1719459883.824950,Xact,705,89826182,9,759,0,44,0,2024-06-13 18:53:49.178489+00
1719459883.824950,other,0,0,0,0,0,0,0,2024-06-13 18:53:49.178489+00
1719459943.837523,CommitTs,0,0,0,0,0,44,0,2024-06-13 18:53:49.178489+00
1719459943.837523,MultiXactMember,2,2851,5,12,0,54,0,2024-06-13 18:53:49.178489+00
1719459943.837523,MultiXactOffset,1,2854,10,11,10,54,0,2024-06-13 18:53:49.178489+00
1719459943.837523,Notify,0,0,0,0,0,0,0,2024-06-13 18:53:49.178489+00
1719459943.837523,Serial,0,0,0,0,0,0,0,2024-06-13 18:53:49.178489+00
1719459943.837523,Subtrans,739,172,0,736,0,44,43,2024-06-13 18:53:49.178489+00
1719459943.837523,Xact,705,89826182,9,759,0,44,0,2024-06-13 18:53:49.178489+00
1719459943.837523,other,0,0,0,0,0,0,0,2024-06-13 18:53:49.178489+00
1719460003.850163,CommitTs,0,0,0,0,0,44,0,2024-06-13 18:53:49.178489+00
1719460003.850163,MultiXactMember,2,2851,5,12,0,54,0,2024-06-13 18:53:49.178489+00
1719460003.850163,MultiXactOffset,1,2854,10,11,10,54,0,2024-06-13 18:53:49.178489+00
1719460003.850163,Notify,0,0,0,0,0,0,0,2024-06-13 18:53:49.178489+00
1719460003.850163,Serial,0,0,0,0,0,0,0,2024-06-13 18:53:49.178489+00
1719460003.850163,Subtrans,739,172,0,736,0,44,43,2024-06-13 18:53:49.178489+00
1719460003.850163,Xact,705,89826182,9,759,0,44,0,2024-06-13 18:53:49.178489+00
1719460003.850163,other,0,0,0,0,0,0,0,2024-06-13 18:53:49.178489+00
1719460063.862824,CommitTs,0,0,0,0,0,44,0,2024-06-13 18:53:49.178489+00
1719460063.862824,MultiXactMember,2,2851,5,12,0,54,0,2024-06-13 18:53:49.178489+00
1719460063.862824,MultiXactOffset,1,2854,10,11,10,54,0,2024-06-13 18:53:49.178489+00
1719460063.862824,Notify,0,0,0,0,0,0,0,2024-06-13 18:53:49.178489+00
1719460063.862824,Serial,0,0,0,0,0,0,0,2024-06-13 18:53:49.178489+00
1719460063.862824,Subtrans,739,172,0,736,0,44,43,2024-06-13 18:53:49.178489+00
1719460063.862824,Xact,705,89826182,9,759,0,44,0,2024-06-13 18:53:49.178489+00
1719460063.862824,other,0,0,0,0,0,0,0,2024-06-13 18:53:49.178489+00
1719460123.863421,CommitTs,0,0,0,0,0,44,0,2024-06-13 18:53:49.178489+00
1719460123.863421,MultiXactMember,2,2851,5,12,0,54,0,2024-06-13 18:53:49.178489+00
1719460123.863421,MultiXactOffset,1,2854,10,11,10,54,0,2024-06-13 18:53:49.178489+00
1719460123.863421,Notify,0,0,0,0,0,0,0,2024-06-13 18:53:49.178489+00
1719460123.863421,Serial,0,0,0,0,0,0,0,2024-06-13 18:53:49.178489+00
1719460123.863421,Subtrans,739,172,0,736,0,44,43,2024-06-13 18:53:49.178489+00
1719460123.863421,Xact,705,89826182,9,759,0,44,0,2024-06-13 18:53:49.178489+00
1719460123.863421,other,0,0,0,0,0,0,0,2024-06-13 18:53:49.178489+00
1719460183.880000,CommitTs,0,0,0,0,0,44,0,2024-06-13 18:53:49.178489+00
1719460183.880000,MultiXactMember,2,2851,5,12,0,54,0,2024-06-13 18:53:49.178489+00
1719460183.880000,MultiXactOffset,1,2854,10,11,10,54,0,2024-06-13 18:53:49.178489+00
1719460183.880000,Notify,0,0,0,0,0,0,0,2024-06-13 18:53:49.178489+00
1719460183.880000,Serial,0,0,0,0,0,0,0,2024-06-13 18:53:49.178489+00
1719460183.880000,Subtrans,739,172,0,736,0,44,43,2024-06-13 18:53:49.178489+00
1719460183.880000,Xact,705,89826182,9,759,0,44,0,2024-06-13 18:53:49.178489+00
1719460183.880000,other,0,0,0,0,0,0,0,2024-06-13 18:53:49.178489+00
1719460243.885294,CommitTs,0,0,0,0,0,44,0,2024-06-13 18:53:49.178489+00
1719460243.885294,MultiXactMember,2,2851,5,12,0,54,0,2024-06-13 18:53:49.178489+00
1719460243.885294,MultiXactOffset,1,2854,10,11,10,54,0,2024-06-13 18:53:49.178489+00
1719460243.885294,Notify,0,0,0,0,0,0,0,2024-06-13 18:53:49.178489+00
1719460243.885294,Serial,0,0,0,0,0,0,0,2024-06-13 18:53:49.178489+00
1719460243.885294,Subtrans,739,172,0,736,0,44,43,2024-06-13 18:53:49.178489+00
1719460243.885294,Xact,705,89826182,9,759,0,44,0,2024-06-13 18:53:49.178489+00
1719460243.885294,other,0,0,0,0,0,0,0,2024-06-13 18:53:49.178489+00
1719460303.897760,CommitTs,0,0,0,0,0,44,0,2024-06-13 18:53:49.178489+00
1719460303.897760,MultiXactMember,2,2851,5,12,0,54,0,2024-06-13 18:53:49.178489+00
1719460303.897760,MultiXactOffset,1,2854,10,11,10,54,0,2024-06-13 18:53:49.178489+00
1719460303.897760,Notify,0,0,0,0,0,0,0,2024-06-13 18:53:49.178489+00
1719460303.897760,Serial,0,0,0,0,0,0,0,2024-06-13 18:53:49.178489+00
1719460303.897760,Subtrans,739,172,0,736,0,44,43,2024-06-13 18:53:49.178489+00
1719460303.897760,Xact,705,89826182,9,759,0,44,0,2024-06-13 18:53:49.178489+00
1719460303.897760,other,0,0,0,0,0,0,0,2024-06-13 18:53:49.178489+00
1719460363.910213,CommitTs,0,0,0,0,0,44,0,2024-06-13 18:53:49.178489+00
1719460363.910213,MultiXactMember,2,2851,5,12,0,54,0,2024-06-13 18:53:49.178489+00
1719460363.910213,MultiXactOffset,1,2854,10,11,10,54,0,2024-06-13 18:53:49.178489+00
1719460363.910213,Notify,0,0,0,0,0,0,0,2024-06-13 18:53:49.178489+00
1719460363.910213,Serial,0,0,0,0,0,0,0,2024-06-13 18:53:49.178489+00
1719460363.910213,Subtrans,739,172,0,736,0,44,43,2024-06-13 18:53:49.178489+00
1719460363.910213,Xact,705,89826182,9,759,0,44,0,2024-06-13 18:53:49.178489+00
1719460363.910213,other,0,0,0,0,0,0,0,2024-06-13 18:53:49.178489+00
1719460423.921173,CommitTs,0,0,0,0,0,44,0,2024-06-13 18:53:49.178489+00
1719460423.921173,MultiXactMember,2,2851,5,12,0,54,0,2024-06-13 18:53:49.178489+00
1719460423.921173,MultiXactOffset,1,2854,10,11,10,54,0,2024-06-13 18:53:49.178489+00
1719460423.921173,Notify,0,0,0,0,0,0,0,2024-06-13 18:53:49.178489+00
1719460423.921173,Serial,0,0,0,0,0,0,0,2024-06-13 18:53:49.178489+00
1719460423.921173,Subtrans,739,172,0,736,0,44,43,2024-06-13 18:53:49.178489+00
1719460423.921173,Xact,705,89826182,9,759,0,44,0,2024-06-13 18:53:49.178489+00
1719460423.921173,other,0,0,0,0,0,0,0,2024-06-13 18:53:49.178489+00
1719460483.932927,CommitTs,0,0,0,0,0,44,0,2024-06-13 18:53:49.178489+00
1719460483.932927,MultiXactMember,2,2851,5,12,0,54,0,2024-06-13 18:53:49.178489+00
1719460483.932927,MultiXactOffset,1,2854,10,11,10,54,0,2024-06-13 18:53:49.178489+00
1719460483.932927,Notify,0,0,0,0,0,0,0,2024-06-13 18:53:49.178489+00
1719460483.932927,Serial,0,0,0,0,0,0,0,2024-06-13 18:53:49.178489+00
1719460483.932927,Subtrans,739,172,0,736,0,44,43,2024-06-13 18:53:49.178489+00
1719460483.932927,Xact,705,89826182,9,759,0,44,0,2024-06-13 18:53:49.178489+00
1719460483.932927,other,0,0,0,0,0,0,0,2024-06-13 18:53:49.178489+00
1719460543.940624,CommitTs,0,0,0,0,0,44,0,2024-06-13 18:53:49.178489+00
1719460543.940624,MultiXactMember,2,2851,5,12,0,54,0,2024-06-13 18:53:49.178489+00
1719460543.940624,MultiXactOffset,1,2854,10,11,10,54,0,2024-06-13 18:53:49.178489+00
1719460543.940624,Notify,0,0,0,0,0,0,0,2024-06-13 18:53:49.178489+00
1719460543.940624,Serial,0,0,0,0,0,0,0,2024-06-13 18:53:49.178489+00
1719460543.940624,Subtrans,739,172,0,736,0,44,43,2024-06-13 18:53:49.178489+00
1719460543.940624,Xact,705,89826182,9,759,0,44,0,2024-06-13 18:53:49.178489+00
1719460543.940624,other,0,0,0,0,0,0,0,2024-06-13 18:53:49.178489+00
1719460603.951309,CommitTs,0,0,0,0,0,44,0,2024-06-13 18:53:49.178489+00
1719460603.951309,MultiXactMember,2,2851,5,12,0,54,0,2024-06-13 18:53:49.178489+00
1719460603.951309,MultiXactOffset,1,2854,10,11,10,54,0,2024-06-13 18:53:49.178489+00
1719460603.951309,Notify,0,0,0,0,0,0,0,2024-06-13 18:53:49.178489+00
1719460603.951309,Serial,0,0,0,0,0,0,0,2024-06-13 18:53:49.178489+00
1719460603.951309,Subtrans,739,172,0,736,0,44,43,2024-06-13 18:53:49.178489+00
1719460603.951309,Xact,705,89826182,9,759,0,44,0,2024-06-13 18:53:49.178489+00
1719460603.951309,other,0,0,0,0,0,0,0,2024-06-13 18:53:49.178489+00
1719460663.957409,CommitTs,0,0,0,0,0,44,0,2024-06-13 18:53:49.178489+00
1719460663.957409,MultiXactMember,2,2851,5,12,0,54,0,2024-06-13 18:53:49.178489+00
1719460663.957409,MultiXactOffset,1,2854,10,11,10,54,0,2024-06-13 18:53:49.178489+00
1719460663.957409,Notify,0,0,0,0,0,0,0,2024-06-13 18:53:49.178489+00
1719460663.957409,Serial,0,0,0,0,0,0,0,2024-06-13 18:53:49.178489+00
1719460663.957409,Subtrans,739,172,0,736,0,44,43,2024-06-13 18:53:49.178489+00
1719460663.957409,Xact,705,89826182,9,759,0,44,0,2024-06-13 18:53:49.178489+00
1719460663.957409,other,0,0,0,0,0,0,0,2024-06-13 18:53:49.178489+00
1719460723.971158,CommitTs,0,0,0,0,0,44,0,2024-06-13 18:53:49.178489+00
1719460723.971158,MultiXactMember,2,2851,5,12,0,54,0,2024-06-13 18:53:49.178489+00
1719460723.971158,MultiXactOffset,1,2854,10,11,10,54,0,2024-06-13 18:53:49.178489+00
1719460723.971158,Notify,0,0,0,0,0,0,0,2024-06-13 18:53:49.178489+00
1719460723.971158,Serial,0,0,0,0,0,0,0,2024-06-13 18:53:49.178489+00
1719460723.971158,Subtrans,739,172,0,736,0,44,43,2024-06-13 18:53:49.178489+00
1719460723.971158,Xact,705,89826182,9,759,0,44,0,2024-06-13 18:53:49.178489+00
1719460723.971158,other,0,0,0,0,0,0,0,2024-06-13 18:53:49.178489+00
1719460783.978835,CommitTs,0,0,0,0,0,44,0,2024-06-13 18:53:49.178489+00
1719460783.978835,MultiXactMember,2,2851,5,12,0,54,0,2024-06-13 18:53:49.178489+00
1719460783.978835,MultiXactOffset,1,2854,10,11,10,54,0,2024-06-13 18:53:49.178489+00
1719460783.978835,Notify,0,0,0,0,0,0,0,2024-06-13 18:53:49.178489+00
1719460783.978835,Serial,0,0,0,0,0,0,0,2024-06-13 18:53:49.178489+00
1719460783.978835,Subtrans,739,172,0,736,0,44,43,2024-06-13 18:53:49.178489+00
1719460783.978835,Xact,705,89826182,9,759,0,44,0,2024-06-13 18:53:49.178489+00
1719460783.978835,other,0,0,0,0,0,0,0,2024-06-13 18:53:49.178489+00
1719460843.988105,CommitTs,0,0,0,0,0,44,0,2024-06-13 18:53:49.178489+00
1719460843.988105,MultiXactMember,2,2851,5,12,0,54,0,2024-06-13 18:53:49.178489+00
1719460843.988105,MultiXactOffset,1,2854,10,11,10,54,0,2024-06-13 18:53:49.178489+00
1719460843.988105,Notify,0,0,0,0,0,0,0,2024-06-13 18:53:49.178489+00
1719460843.988105,Serial,0,0,0,0,0,0,0,2024-06-13 18:53:49.178489+00
1719460843.988105,Subtrans,739,172,0,736,0,44,43,2024-06-13 18:53:49.178489+00
1719460843.988105,Xact,705,89826182,9,759,0,44,0,2024-06-13 18:53:49.178489+00
1719460843.988105,other,0,0,0,0,0,0,0,2024-06-13 18:53:49.178489+00
1719460903.996055,CommitTs,0,0,0,0,0,44,0,2024-06-13 18:53:49.178489+00
1719460903.996055,MultiXactMember,2,2851,5,12,0,54,0,2024-06-13 18:53:49.178489+00
1719460903.996055,MultiXactOffset,1,2854,10,11,10,54,0,2024-06-13 18:53:49.178489+00
1719460903.996055,Notify,0,0,0,0,0,0,0,2024-06-13 18:53:49.178489+00
1719460903.996055,Serial,0,0,0,0,0,0,0,2024-06-13 18:53:49.178489+00
1719460903.996055,Subtrans,739,172,0,736,0,44,43,2024-06-13 18:53:49.178489+00
1719460903.996055,Xact,705,89826182,9,759,0,44,0,2024-06-13 18:53:49.178489+00
1719460903.996055,other,0,0,0,0,0,0,0,2024-06-13 18:53:49.178489+00
1719460964.011795,CommitTs,0,0,0,0,0,44,0,2024-06-13 18:53:49.178489+00
1719460964.011795,MultiXactMember,2,2851,5,12,0,54,0,2024-06-13 18:53:49.178489+00
1719460964.011795,MultiXactOffset,1,2854,10,11,10,54,0,2024-06-13 18:53:49.178489+00
1719460964.011795,Notify,0,0,0,0,0,0,0,2024-06-13 18:53:49.178489+00
1719460964.011795,Serial,0,0,0,0,0,0,0,2024-06-13 18:53:49.178489+00
1719460964.011795,Subtrans,739,172,0,736,0,44,43,2024-06-13 18:53:49.178489+00
1719460964.011795,Xact,705,89826182,9,759,0,44,0,2024-06-13 18:53:49.178489+00
1719460964.011795,other,0,0,0,0,0,0,0,2024-06-13 18:53:49.178489+00
1719461024.020579,CommitTs,0,0,0,0,0,44,0,2024-06-13 18:53:49.178489+00
1719461024.020579,MultiXactMember,2,2851,5,12,0,54,0,2024-06-13 18:53:49.178489+00
1719461024.020579,MultiXactOffset,1,2854,10,11,10,54,0,2024-06-13 18:53:49.178489+00
1719461024.020579,Notify,0,0,0,0,0,0,0,2024-06-13 18:53:49.178489+00
1719461024.020579,Serial,0,0,0,0,0,0,0,2024-06-13 18:53:49.178489+00
1719461024.020579,Subtrans,739,172,0,736,0,44,43,2024-06-13 18:53:49.178489+00
1719461024.020579,Xact,705,89826182,9,759,0,44,0,2024-06-13 18:53:49.178489+00
1719461024.020579,other,0,0,0,0,0,0,0,2024-06-13 18:53:49.178489+00
1719461084.029595,CommitTs,0,0,0,0,0,44,0,2024-06-13 18:53:49.178489+00
1719461084.029595,MultiXactMember,2,2851,5,12,0,54,0,2024-06-13 18:53:49.178489+00
1719461084.029595,MultiXactOffset,1,2854,10,11,10,54,0,2024-06-13 18:53:49.178489+00
1719461084.029595,Notify,0,0,0,0,0,0,0,2024-06-13 18:53:49.178489+00
1719461084.029595,Serial,0,0,0,0,0,0,0,2024-06-13 18:53:49.178489+00
1719461084.029595,Subtrans,739,172,0,736,0,44,43,2024-06-13 18:53:49.178489+00
1719461084.029595,Xact,705,89826182,9,759,0,44,0,2024-06-13 18:53:49.178489+00
1719461084.029595,other,0,0,0,0,0,0,0,2024-06-13 18:53:49.178489+00
1719461144.048849,CommitTs,0,0,0,0,0,44,0,2024-06-13 18:53:49.178489+00
1719461144.048849,MultiXactMember,2,2851,5,12,0,54,0,2024-06-13 18:53:49.178489+00
1719461144.048849,MultiXactOffset,1,2854,10,11,10,54,0,2024-06-13 18:53:49.178489+00
1719461144.048849,Notify,0,0,0,0,0,0,0,2024-06-13 18:53:49.178489+00
1719461144.048849,Serial,0,0,0,0,0,0,0,2024-06-13 18:53:49.178489+00
1719461144.048849,Subtrans,739,172,0,736,0,44,43,2024-06-13 18:53:49.178489+00
1719461144.048849,Xact,705,89826182,9,759,0,44,0,2024-06-13 18:53:49.178489+00
1719461144.048849,other,0,0,0,0,0,0,0,2024-06-13 18:53:49.178489+00
1719461204.056948,CommitTs,0,0,0,0,0,44,0,2024-06-13 18:53:49.178489+00
1719461204.056948,MultiXactMember,2,2851,5,12,0,54,0,2024-06-13 18:53:49.178489+00
1719461204.056948,MultiXactOffset,1,2854,10,11,10,54,0,2024-06-13 18:53:49.178489+00
1719461204.056948,Notify,0,0,0,0,0,0,0,2024-06-13 18:53:49.178489+00
1719461204.056948,Serial,0,0,0,0,0,0,0,2024-06-13 18:53:49.178489+00
1719461204.056948,Subtrans,739,172,0,736,0,44,43,2024-06-13 18:53:49.178489+00
1719461204.056948,Xact,705,89826182,9,759,0,44,0,2024-06-13 18:53:49.178489+00
1719461204.056948,other,0,0,0,0,0,0,0,2024-06-13 18:53:49.178489+00
1719461264.070334,CommitTs,0,0,0,0,0,44,0,2024-06-13 18:53:49.178489+00
1719461264.070334,MultiXactMember,2,2851,5,12,0,54,0,2024-06-13 18:53:49.178489+00
1719461264.070334,MultiXactOffset,1,2854,10,11,10,54,0,2024-06-13 18:53:49.178489+00
1719461264.070334,Notify,0,0,0,0,0,0,0,2024-06-13 18:53:49.178489+00
1719461264.070334,Serial,0,0,0,0,0,0,0,2024-06-13 18:53:49.178489+00
1719461264.070334,Subtrans,739,172,0,736,0,44,43,2024-06-13 18:53:49.178489+00
1719461264.070334,Xact,705,89826182,9,759,0,44,0,2024-06-13 18:53:49.178489+00
1719461264.070334,other,0,0,0,0,0,0,0,2024-06-13 18:53:49.178489+00
1719461324.080204,CommitTs,0,0,0,0,0,44,0,2024-06-13 18:53:49.178489+00
1719461324.080204,MultiXactMember,2,2851,5,12,0,54,0,2024-06-13 18:53:49.178489+00
1719461324.080204,MultiXactOffset,1,2854,10,11,10,54,0,2024-06-13 18:53:49.178489+00
1719461324.080204,Notify,0,0,0,0,0,0,0,2024-06-13 18:53:49.178489+00
1719461324.080204,Serial,0,0,0,0,0,0,0,2024-06-13 18:53:49.178489+00
1719461324.080204,Subtrans,739,172,0,736,0,44,43,2024-06-13 18:53:49.178489+00
1719461324.080204,Xact,705,89826182,9,759,0,44,0,2024-06-13 18:53:49.178489+00
1719461324.080204,other,0,0,0,0,0,0,0,2024-06-13 18:53:49.178489+00
1719461384.092296,CommitTs,0,0,0,0,0,44,0,2024-06-13 18:53:49.178489+00
1719461384.092296,MultiXactMember,2,2851,5,12,0,54,0,2024-06-13 18:53:49.178489+00
1719461384.092296,MultiXactOffset,1,2854,10,11,10,54,0,2024-06-13 18:53:49.178489+00
1719461384.092296,Notify,0,0,0,0,0,0,0,2024-06-13 18:53:49.178489+00
1719461384.092296,Serial,0,0,0,0,0,0,0,2024-06-13 18:53:49.178489+00
1719461384.092296,Subtrans,739,172,0,736,0,44,43,2024-06-13 18:53:49.178489+00
1719461384.092296,Xact,705,89826182,9,759,0,44,0,2024-06-13 18:53:49.178489+00
1719461384.092296,other,0,0,0,0,0,0,0,2024-06-13 18:53:49.178489+00
1719461444.104856,CommitTs,0,0,0,0,0,44,0,2024-06-13 18:53:49.178489+00
1719461444.104856,MultiXactMember,2,2851,5,12,0,54,0,2024-06-13 18:53:49.178489+00
1719461444.104856,MultiXactOffset,1,2854,10,11,10,54,0,2024-06-13 18:53:49.178489+00
1719461444.104856,Notify,0,0,0,0,0,0,0,2024-06-13 18:53:49.178489+00
1719461444.104856,Serial,0,0,0,0,0,0,0,2024-06-13 18:53:49.178489+00
1719461444.104856,Subtrans,739,172,0,736,0,44,43,2024-06-13 18:53:49.178489+00
1719461444.104856,Xact,705,89826182,9,759,0,44,0,2024-06-13 18:53:49.178489+00
1719461444.104856,other,0,0,0,0,0,0,0,2024-06-13 18:53:49.178489+00
1719461504.115807,CommitTs,0,0,0,0,0,44,0,2024-06-13 18:53:49.178489+00
1719461504.115807,MultiXactMember,2,2851,5,12,0,54,0,2024-06-13 18:53:49.178489+00
1719461504.115807,MultiXactOffset,1,2854,10,11,10,54,0,2024-06-13 18:53:49.178489+00
1719461504.115807,Notify,0,0,0,0,0,0,0,2024-06-13 18:53:49.178489+00
1719461504.115807,Serial,0,0,0,0,0,0,0,2024-06-13 18:53:49.178489+00
1719461504.115807,Subtrans,739,172,0,736,0,44,43,2024-06-13 18:53:49.178489+00
1719461504.115807,Xact,705,89826182,9,759,0,44,0,2024-06-13 18:53:49.178489+00
1719461504.115807,other,0,0,0,0,0,0,0,2024-06-13 18:53:49.178489+00
1719461564.123304,CommitTs,0,0,0,0,0,44,0,2024-06-13 18:53:49.178489+00
1719461564.123304,MultiXactMember,2,2851,5,12,0,54,0,2024-06-13 18:53:49.178489+00
1719461564.123304,MultiXactOffset,1,2854,10,11,10,54,0,2024-06-13 18:53:49.178489+00
1719461564.123304,Notify,0,0,0,0,0,0,0,2024-06-13 18:53:49.178489+00
1719461564.123304,Serial,0,0,0,0,0,0,0,2024-06-13 18:53:49.178489+00
1719461564.123304,Subtrans,739,172,0,736,0,44,43,2024-06-13 18:53:49.178489+00
1719461564.123304,Xact,705,89826198,9,759,0,44,0,2024-06-13 18:53:49.178489+00
1719461564.123304,other,0,0,0,0,0,0,0,2024-06-13 18:53:49.178489+00
1719461624.129497,CommitTs,0,0,0,0,0,44,0,2024-06-13 18:53:49.178489+00
1719461624.129497,MultiXactMember,2,2851,5,12,0,54,0,2024-06-13 18:53:49.178489+00
1719461624.129497,MultiXactOffset,1,2854,10,11,10,54,0,2024-06-13 18:53:49.178489+00
1719461624.129497,Notify,0,0,0,0,0,0,0,2024-06-13 18:53:49.178489+00
1719461624.129497,Serial,0,0,0,0,0,0,0,2024-06-13 18:53:49.178489+00
1719461624.129497,Subtrans,739,172,0,736,0,44,43,2024-06-13 18:53:49.178489+00
1719461624.129497,Xact,705,89826198,9,759,0,44,0,2024-06-13 18:53:49.178489+00
1719461624.129497,other,0,0,0,0,0,0,0,2024-06-13 18:53:49.178489+00
1719461684.140845,CommitTs,0,0,0,0,0,44,0,2024-06-13 18:53:49.178489+00
1719461684.140845,MultiXactMember,2,2851,5,12,0,54,0,2024-06-13 18:53:49.178489+00
1719461684.140845,MultiXactOffset,1,2854,10,11,10,54,0,2024-06-13 18:53:49.178489+00
1719461684.140845,Notify,0,0,0,0,0,0,0,2024-06-13 18:53:49.178489+00
1719461684.140845,Serial,0,0,0,0,0,0,0,2024-06-13 18:53:49.178489+00
1719461684.140845,Subtrans,739,172,0,736,0,44,43,2024-06-13 18:53:49.178489+00
1719461684.140845,Xact,705,89826218,9,759,0,44,0,2024-06-13 18:53:49.178489+00
1719461684.140845,other,0,0,0,0,0,0,0,2024-06-13 18:53:49.178489+00
1719461744.149120,CommitTs,0,0,0,0,0,44,0,2024-06-13 18:53:49.178489+00
1719461744.149120,MultiXactMember,2,2851,5,12,0,54,0,2024-06-13 18:53:49.178489+00
1719461744.149120,MultiXactOffset,1,2854,10,11,10,54,0,2024-06-13 18:53:49.178489+00
1719461744.149120,Notify,0,0,0,0,0,0,0,2024-06-13 18:53:49.178489+00
1719461744.149120,Serial,0,0,0,0,0,0,0,2024-06-13 18:53:49.178489+00
1719461744.149120,Subtrans,739,172,0,736,0,44,43,2024-06-13 18:53:49.178489+00
1719461744.149120,Xact,705,89826218,9,759,0,44,0,2024-06-13 18:53:49.178489+00
1719461744.149120,other,0,0,0,0,0,0,0,2024-06-13 18:53:49.178489+00
1719461804.158175,CommitTs,0,0,0,0,0,44,0,2024-06-13 18:53:49.178489+00
1719461804.158175,MultiXactMember,2,2851,5,12,0,54,0,2024-06-13 18:53:49.178489+00
1719461804.158175,MultiXactOffset,1,2854,10,11,10,54,0,2024-06-13 18:53:49.178489+00
1719461804.158175,Notify,0,0,0,0,0,0,0,2024-06-13 18:53:49.178489+00
1719461804.158175,Serial,0,0,0,0,0,0,0,2024-06-13 18:53:49.178489+00
1719461804.158175,Subtrans,739,172,0,736,0,44,43,2024-06-13 18:53:49.178489+00
1719461804.158175,Xact,705,89826218,9,759,0,44,0,2024-06-13 18:53:49.178489+00
1719461804.158175,other,0,0,0,0,0,0,0,2024-06-13 18:53:49.178489+00
1719461864.166269,CommitTs,0,0,0,0,0,44,0,2024-06-13 18:53:49.178489+00
1719461864.166269,MultiXactMember,2,2851,5,12,0,54,0,2024-06-13 18:53:49.178489+00
1719461864.166269,MultiXactOffset,1,2854,10,11,10,54,0,2024-06-13 18:53:49.178489+00
1719461864.166269,Notify,0,0,0,0,0,0,0,2024-06-13 18:53:49.178489+00
1719461864.166269,Serial,0,0,0,0,0,0,0,2024-06-13 18:53:49.178489+00
1719461864.166269,Subtrans,739,172,0,736,0,44,43,2024-06-13 18:53:49.178489+00
1719461864.166269,Xact,705,89826218,9,759,0,44,0,2024-06-13 18:53:49.178489+00
1719461864.166269,other,0,0,0,0,0,0,0,2024-06-13 18:53:49.178489+00
1719461924.181300,CommitTs,0,0,0,0,0,44,0,2024-06-13 18:53:49.178489+00
1719461924.181300,MultiXactMember,2,2851,5,12,0,54,0,2024-06-13 18:53:49.178489+00
1719461924.181300,MultiXactOffset,1,2854,10,11,10,54,0,2024-06-13 18:53:49.178489+00
1719461924.181300,Notify,0,0,0,0,0,0,0,2024-06-13 18:53:49.178489+00
1719461924.181300,Serial,0,0,0,0,0,0,0,2024-06-13 18:53:49.178489+00
1719461924.181300,Subtrans,739,172,0,736,0,44,43,2024-06-13 18:53:49.178489+00
1719461924.181300,Xact,705,89826218,9,759,0,44,0,2024-06-13 18:53:49.178489+00
1719461924.181300,other,0,0,0,0,0,0,0,2024-06-13 18:53:49.178489+00
1719461984.187740,CommitTs,0,0,0,0,0,44,0,2024-06-13 18:53:49.178489+00
1719461984.187740,MultiXactMember,2,2851,5,12,0,54,0,2024-06-13 18:53:49.178489+00
1719461984.187740,MultiXactOffset,1,2854,10,11,10,54,0,2024-06-13 18:53:49.178489+00
1719461984.187740,Notify,0,0,0,0,0,0,0,2024-06-13 18:53:49.178489+00
1719461984.187740,Serial,0,0,0,0,0,0,0,2024-06-13 18:53:49.178489+00
1719461984.187740,Subtrans,739,172,0,736,0,44,43,2024-06-13 18:53:49.178489+00
1719461984.187740,Xact,705,89826218,9,759,0,44,0,2024-06-13 18:53:49.178489+00
1719461984.187740,other,0,0,0,0,0,0,0,2024-06-13 18:53:49.178489+00
1719462044.204606,CommitTs,0,0,0,0,0,44,0,2024-06-13 18:53:49.178489+00
1719462044.204606,MultiXactMember,2,2851,5,12,0,54,0,2024-06-13 18:53:49.178489+00
1719462044.204606,MultiXactOffset,1,2854,10,11,10,54,0,2024-06-13 18:53:49.178489+00
1719462044.204606,Notify,0,0,0,0,0,0,0,2024-06-13 18:53:49.178489+00
1719462044.204606,Serial,0,0,0,0,0,0,0,2024-06-13 18:53:49.178489+00
1719462044.204606,Subtrans,739,172,0,736,0,44,43,2024-06-13 18:53:49.178489+00
1719462044.204606,Xact,705,89826218,9,759,0,44,0,2024-06-13 18:53:49.178489+00
1719462044.204606,other,0,0,0,0,0,0,0,2024-06-13 18:53:49.178489+00
1719462104.210521,CommitTs,0,0,0,0,0,44,0,2024-06-13 18:53:49.178489+00
1719462104.210521,MultiXactMember,2,2851,5,12,0,54,0,2024-06-13 18:53:49.178489+00
1719462104.210521,MultiXactOffset,1,2854,10,11,10,54,0,2024-06-13 18:53:49.178489+00
1719462104.210521,Notify,0,0,0,0,0,0,0,2024-06-13 18:53:49.178489+00
1719462104.210521,Serial,0,0,0,0,0,0,0,2024-06-13 18:53:49.178489+00
1719462104.210521,Subtrans,739,172,0,736,0,44,43,2024-06-13 18:53:49.178489+00
1719462104.210521,Xact,705,89826218,9,759,0,44,0,2024-06-13 18:53:49.178489+00
1719462104.210521,other,0,0,0,0,0,0,0,2024-06-13 18:53:49.178489+00
1719462164.223333,CommitTs,0,0,0,0,0,44,0,2024-06-13 18:53:49.178489+00
1719462164.223333,MultiXactMember,2,2851,5,12,0,54,0,2024-06-13 18:53:49.178489+00
1719462164.223333,MultiXactOffset,1,2854,10,11,10,54,0,2024-06-13 18:53:49.178489+00
1719462164.223333,Notify,0,0,0,0,0,0,0,2024-06-13 18:53:49.178489+00
1719462164.223333,Serial,0,0,0,0,0,0,0,2024-06-13 18:53:49.178489+00
1719462164.223333,Subtrans,739,172,0,736,0,44,43,2024-06-13 18:53:49.178489+00
1719462164.223333,Xact,705,89826218,9,759,0,44,0,2024-06-13 18:53:49.178489+00
1719462164.223333,other,0,0,0,0,0,0,0,2024-06-13 18:53:49.178489+00
1719462224.235818,CommitTs,0,0,0,0,0,44,0,2024-06-13 18:53:49.178489+00
1719462224.235818,MultiXactMember,2,2851,5,12,0,54,0,2024-06-13 18:53:49.178489+00
1719462224.235818,MultiXactOffset,1,2854,10,11,10,54,0,2024-06-13 18:53:49.178489+00
1719462224.235818,Notify,0,0,0,0,0,0,0,2024-06-13 18:53:49.178489+00
1719462224.235818,Serial,0,0,0,0,0,0,0,2024-06-13 18:53:49.178489+00
1719462224.235818,Subtrans,739,172,0,736,0,44,43,2024-06-13 18:53:49.178489+00
1719462224.235818,Xact,705,89826218,9,759,0,44,0,2024-06-13 18:53:49.178489+00
1719462224.235818,other,0,0,0,0,0,0,0,2024-06-13 18:53:49.178489+00
1719462284.241618,CommitTs,0,0,0,0,0,44,0,2024-06-13 18:53:49.178489+00
1719462284.241618,MultiXactMember,2,2851,5,12,0,54,0,2024-06-13 18:53:49.178489+00
1719462284.241618,MultiXactOffset,1,2854,10,11,10,54,0,2024-06-13 18:53:49.178489+00
1719462284.241618,Notify,0,0,0,0,0,0,0,2024-06-13 18:53:49.178489+00
1719462284.241618,Serial,0,0,0,0,0,0,0,2024-06-13 18:53:49.178489+00
1719462284.241618,Subtrans,739,172,0,736,0,44,43,2024-06-13 18:53:49.178489+00
1719462284.241618,Xact,705,89826218,9,759,0,44,0,2024-06-13 18:53:49.178489+00
1719462284.241618,other,0,0,0,0,0,0,0,2024-06-13 18:53:49.178489+00
1719462344.250554,CommitTs,0,0,0,0,0,44,0,2024-06-13 18:53:49.178489+00
1719462344.250554,MultiXactMember,2,2851,5,12,0,54,0,2024-06-13 18:53:49.178489+00
1719462344.250554,MultiXactOffset,1,2854,10,11,10,54,0,2024-06-13 18:53:49.178489+00
1719462344.250554,Notify,0,0,0,0,0,0,0,2024-06-13 18:53:49.178489+00
1719462344.250554,Serial,0,0,0,0,0,0,0,2024-06-13 18:53:49.178489+00
1719462344.250554,Subtrans,739,172,0,736,0,44,43,2024-06-13 18:53:49.178489+00
1719462344.250554,Xact,705,89826218,9,759,0,44,0,2024-06-13 18:53:49.178489+00
1719462344.250554,other,0,0,0,0,0,0,0,2024-06-13 18:53:49.178489+00
1719462404.260597,CommitTs,0,0,0,0,0,44,0,2024-06-13 18:53:49.178489+00
1719462404.260597,MultiXactMember,2,2851,5,12,0,54,0,2024-06-13 18:53:49.178489+00
1719462404.260597,MultiXactOffset,1,2854,10,11,10,54,0,2024-06-13 18:53:49.178489+00
1719462404.260597,Notify,0,0,0,0,0,0,0,2024-06-13 18:53:49.178489+00
1719462404.260597,Serial,0,0,0,0,0,0,0,2024-06-13 18:53:49.178489+00
1719462404.260597,Subtrans,739,172,0,736,0,44,43,2024-06-13 18:53:49.178489+00
1719462404.260597,Xact,705,89826218,9,759,0,44,0,2024-06-13 18:53:49.178489+00
1719462404.260597,other,0,0,0,0,0,0,0,2024-06-13 18:53:49.178489+00
1719462464.277386,CommitTs,0,0,0,0,0,44,0,2024-06-13 18:53:49.178489+00
1719462464.277386,MultiXactMember,2,2851,5,12,0,54,0,2024-06-13 18:53:49.178489+00
1719462464.277386,MultiXactOffset,1,2854,10,11,10,54,0,2024-06-13 18:53:49.178489+00
1719462464.277386,Notify,0,0,0,0,0,0,0,2024-06-13 18:53:49.178489+00
1719462464.277386,Serial,0,0,0,0,0,0,0,2024-06-13 18:53:49.178489+00
1719462464.277386,Subtrans,739,172,0,736,0,44,43,2024-06-13 18:53:49.178489+00
1719462464.277386,Xact,705,89826218,9,759,0,44,0,2024-06-13 18:53:49.178489+00
1719462464.277386,other,0,0,0,0,0,0,0,2024-06-13 18:53:49.178489+00
1719462524.288676,CommitTs,0,0,0,0,0,44,0,2024-06-13 18:53:49.178489+00
1719462524.288676,MultiXactMember,2,2851,5,12,0,54,0,2024-06-13 18:53:49.178489+00
1719462524.288676,MultiXactOffset,1,2854,10,11,10,54,0,2024-06-13 18:53:49.178489+00
1719462524.288676,Notify,0,0,0,0,0,0,0,2024-06-13 18:53:49.178489+00
1719462524.288676,Serial,0,0,0,0,0,0,0,2024-06-13 18:53:49.178489+00
1719462524.288676,Subtrans,739,172,0,736,0,44,43,2024-06-13 18:53:49.178489+00
1719462524.288676,Xact,705,89826218,9,759,0,44,0,2024-06-13 18:53:49.178489+00
1719462524.288676,other,0,0,0,0,0,0,0,2024-06-13 18:53:49.178489+00
1719462584.299589,CommitTs,0,0,0,0,0,44,0,2024-06-13 18:53:49.178489+00
1719462584.299589,MultiXactMember,2,2851,5,12,0,54,0,2024-06-13 18:53:49.178489+00
1719462584.299589,MultiXactOffset,1,2854,10,11,10,54,0,2024-06-13 18:53:49.178489+00
1719462584.299589,Notify,0,0,0,0,0,0,0,2024-06-13 18:53:49.178489+00
1719462584.299589,Serial,0,0,0,0,0,0,0,2024-06-13 18:53:49.178489+00
1719462584.299589,Subtrans,739,172,0,736,0,44,43,2024-06-13 18:53:49.178489+00
1719462584.299589,Xact,705,89826218,9,759,0,44,0,2024-06-13 18:53:49.178489+00
1719462584.299589,other,0,0,0,0,0,0,0,2024-06-13 18:53:49.178489+00
1719462644.307898,CommitTs,0,0,0,0,0,44,0,2024-06-13 18:53:49.178489+00
1719462644.307898,MultiXactMember,2,2851,5,12,0,54,0,2024-06-13 18:53:49.178489+00
1719462644.307898,MultiXactOffset,1,2854,10,11,10,54,0,2024-06-13 18:53:49.178489+00
1719462644.307898,Notify,0,0,0,0,0,0,0,2024-06-13 18:53:49.178489+00
1719462644.307898,Serial,0,0,0,0,0,0,0,2024-06-13 18:53:49.178489+00
1719462644.307898,Subtrans,739,172,0,736,0,44,43,2024-06-13 18:53:49.178489+00
1719462644.307898,Xact,705,89826218,9,759,0,44,0,2024-06-13 18:53:49.178489+00
1719462644.307898,other,0,0,0,0,0,0,0,2024-06-13 18:53:49.178489+00
1719462704.312931,CommitTs,0,0,0,0,0,44,0,2024-06-13 18:53:49.178489+00
1719462704.312931,MultiXactMember,2,2851,5,12,0,54,0,2024-06-13 18:53:49.178489+00
1719462704.312931,MultiXactOffset,1,2854,10,11,10,54,0,2024-06-13 18:53:49.178489+00
1719462704.312931,Notify,0,0,0,0,0,0,0,2024-06-13 18:53:49.178489+00
1719462704.312931,Serial,0,0,0,0,0,0,0,2024-06-13 18:53:49.178489+00
1719462704.312931,Subtrans,739,172,0,736,0,44,43,2024-06-13 18:53:49.178489+00
1719462704.312931,Xact,705,89826218,9,759,0,44,0,2024-06-13 18:53:49.178489+00
1719462704.312931,other,0,0,0,0,0,0,0,2024-06-13 18:53:49.178489+00
1719462764.328383,CommitTs,0,0,0,0,0,44,0,2024-06-13 18:53:49.178489+00
1719462764.328383,MultiXactMember,2,2851,5,12,0,54,0,2024-06-13 18:53:49.178489+00
1719462764.328383,MultiXactOffset,1,2854,10,11,10,54,0,2024-06-13 18:53:49.178489+00
1719462764.328383,Notify,0,0,0,0,0,0,0,2024-06-13 18:53:49.178489+00
1719462764.328383,Serial,0,0,0,0,0,0,0,2024-06-13 18:53:49.178489+00
1719462764.328383,Subtrans,739,172,0,736,0,44,43,2024-06-13 18:53:49.178489+00
1719462764.328383,Xact,705,89826218,9,759,0,44,0,2024-06-13 18:53:49.178489+00
1719462764.328383,other,0,0,0,0,0,0,0,2024-06-13 18:53:49.178489+00
1719462824.344634,CommitTs,0,0,0,0,0,44,0,2024-06-13 18:53:49.178489+00
1719462824.344634,MultiXactMember,2,2851,5,12,0,54,0,2024-06-13 18:53:49.178489+00
1719462824.344634,MultiXactOffset,1,2854,10,11,10,54,0,2024-06-13 18:53:49.178489+00
1719462824.344634,Notify,0,0,0,0,0,0,0,2024-06-13 18:53:49.178489+00
1719462824.344634,Serial,0,0,0,0,0,0,0,2024-06-13 18:53:49.178489+00
1719462824.344634,Subtrans,739,172,0,736,0,44,43,2024-06-13 18:53:49.178489+00
1719462824.344634,Xact,705,89826218,9,759,0,44,0,2024-06-13 18:53:49.178489+00
1719462824.344634,other,0,0,0,0,0,0,0,2024-06-13 18:53:49.178489+00
1719462884.358936,CommitTs,0,0,0,0,0,44,0,2024-06-13 18:53:49.178489+00
1719462884.358936,MultiXactMember,2,2851,5,12,0,54,0,2024-06-13 18:53:49.178489+00
1719462884.358936,MultiXactOffset,1,2854,10,11,10,54,0,2024-06-13 18:53:49.178489+00
1719462884.358936,Notify,0,0,0,0,0,0,0,2024-06-13 18:53:49.178489+00
1719462884.358936,Serial,0,0,0,0,0,0,0,2024-06-13 18:53:49.178489+00
1719462884.358936,Subtrans,739,172,0,736,0,44,43,2024-06-13 18:53:49.178489+00
1719462884.358936,Xact,705,89826218,9,759,0,44,0,2024-06-13 18:53:49.178489+00
1719462884.358936,other,0,0,0,0,0,0,0,2024-06-13 18:53:49.178489+00
1719462944.367874,CommitTs,0,0,0,0,0,44,0,2024-06-13 18:53:49.178489+00
1719462944.367874,MultiXactMember,2,2851,5,12,0,54,0,2024-06-13 18:53:49.178489+00
1719462944.367874,MultiXactOffset,1,2854,10,11,10,54,0,2024-06-13 18:53:49.178489+00
1719462944.367874,Notify,0,0,0,0,0,0,0,2024-06-13 18:53:49.178489+00
1719462944.367874,Serial,0,0,0,0,0,0,0,2024-06-13 18:53:49.178489+00
1719462944.367874,Subtrans,739,172,0,736,0,44,43,2024-06-13 18:53:49.178489+00
1719462944.367874,Xact,705,89826218,9,759,0,44,0,2024-06-13 18:53:49.178489+00
1719462944.367874,other,0,0,0,0,0,0,0,2024-06-13 18:53:49.178489+00
1719463004.381838,CommitTs,0,0,0,0,0,44,0,2024-06-13 18:53:49.178489+00
1719463004.381838,MultiXactMember,2,2851,5,12,0,54,0,2024-06-13 18:53:49.178489+00
1719463004.381838,MultiXactOffset,1,2854,10,11,10,54,0,2024-06-13 18:53:49.178489+00
1719463004.381838,Notify,0,0,0,0,0,0,0,2024-06-13 18:53:49.178489+00
1719463004.381838,Serial,0,0,0,0,0,0,0,2024-06-13 18:53:49.178489+00
1719463004.381838,Subtrans,739,172,0,736,0,44,43,2024-06-13 18:53:49.178489+00
1719463004.381838,Xact,705,89826218,9,759,0,44,0,2024-06-13 18:53:49.178489+00
1719463004.381838,other,0,0,0,0,0,0,0,2024-06-13 18:53:49.178489+00
1719463064.393720,CommitTs,0,0,0,0,0,44,0,2024-06-13 18:53:49.178489+00
1719463064.393720,MultiXactMember,2,2851,5,12,0,54,0,2024-06-13 18:53:49.178489+00
1719463064.393720,MultiXactOffset,1,2854,10,11,10,54,0,2024-06-13 18:53:49.178489+00
1719463064.393720,Notify,0,0,0,0,0,0,0,2024-06-13 18:53:49.178489+00
1719463064.393720,Serial,0,0,0,0,0,0,0,2024-06-13 18:53:49.178489+00
1719463064.393720,Subtrans,739,172,0,736,0,44,43,2024-06-13 18:53:49.178489+00
1719463064.393720,Xact,705,89826218,9,759,0,44,0,2024-06-13 18:53:49.178489+00
1719463064.393720,other,0,0,0,0,0,0,0,2024-06-13 18:53:49.178489+00
1719463124.400104,CommitTs,0,0,0,0,0,44,0,2024-06-13 18:53:49.178489+00
1719463124.400104,MultiXactMember,2,2851,5,12,0,54,0,2024-06-13 18:53:49.178489+00
1719463124.400104,MultiXactOffset,1,2854,10,11,10,54,0,2024-06-13 18:53:49.178489+00
1719463124.400104,Notify,0,0,0,0,0,0,0,2024-06-13 18:53:49.178489+00
1719463124.400104,Serial,0,0,0,0,0,0,0,2024-06-13 18:53:49.178489+00
1719463124.400104,Subtrans,739,172,0,736,0,44,43,2024-06-13 18:53:49.178489+00
1719463124.400104,Xact,705,89826218,9,759,0,44,0,2024-06-13 18:53:49.178489+00
1719463124.400104,other,0,0,0,0,0,0,0,2024-06-13 18:53:49.178489+00
1719463184.413774,CommitTs,0,0,0,0,0,44,0,2024-06-13 18:53:49.178489+00
1719463184.413774,MultiXactMember,2,2851,5,12,0,54,0,2024-06-13 18:53:49.178489+00
1719463184.413774,MultiXactOffset,1,2854,10,11,10,54,0,2024-06-13 18:53:49.178489+00
1719463184.413774,Notify,0,0,0,0,0,0,0,2024-06-13 18:53:49.178489+00
1719463184.413774,Serial,0,0,0,0,0,0,0,2024-06-13 18:53:49.178489+00
1719463184.413774,Subtrans,739,172,0,736,0,44,43,2024-06-13 18:53:49.178489+00
1719463184.413774,Xact,705,89826218,9,759,0,44,0,2024-06-13 18:53:49.178489+00
1719463184.413774,other,0,0,0,0,0,0,0,2024-06-13 18:53:49.178489+00
1719463244.422402,CommitTs,0,0,0,0,0,44,0,2024-06-13 18:53:49.178489+00
1719463244.422402,MultiXactMember,2,2851,5,12,0,54,0,2024-06-13 18:53:49.178489+00
1719463244.422402,MultiXactOffset,1,2854,10,11,10,54,0,2024-06-13 18:53:49.178489+00
1719463244.422402,Notify,0,0,0,0,0,0,0,2024-06-13 18:53:49.178489+00
1719463244.422402,Serial,0,0,0,0,0,0,0,2024-06-13 18:53:49.178489+00
1719463244.422402,Subtrans,739,172,0,736,0,44,43,2024-06-13 18:53:49.178489+00
1719463244.422402,Xact,705,89826218,9,759,0,44,0,2024-06-13 18:53:49.178489+00
1719463244.422402,other,0,0,0,0,0,0,0,2024-06-13 18:53:49.178489+00
1719463304.433739,CommitTs,0,0,0,0,0,44,0,2024-06-13 18:53:49.178489+00
1719463304.433739,MultiXactMember,2,2851,5,12,0,54,0,2024-06-13 18:53:49.178489+00
1719463304.433739,MultiXactOffset,1,2854,10,11,10,54,0,2024-06-13 18:53:49.178489+00
1719463304.433739,Notify,0,0,0,0,0,0,0,2024-06-13 18:53:49.178489+00
1719463304.433739,Serial,0,0,0,0,0,0,0,2024-06-13 18:53:49.178489+00
1719463304.433739,Subtrans,739,172,0,736,0,44,43,2024-06-13 18:53:49.178489+00
1719463304.433739,Xact,705,89826218,9,759,0,44,0,2024-06-13 18:53:49.178489+00
1719463304.433739,other,0,0,0,0,0,0,0,2024-06-13 18:53:49.178489+00
1719463364.437961,CommitTs,0,0,0,0,0,44,0,2024-06-13 18:53:49.178489+00
1719463364.437961,MultiXactMember,2,2851,5,12,0,54,0,2024-06-13 18:53:49.178489+00
1719463364.437961,MultiXactOffset,1,2854,10,11,10,54,0,2024-06-13 18:53:49.178489+00
1719463364.437961,Notify,0,0,0,0,0,0,0,2024-06-13 18:53:49.178489+00
1719463364.437961,Serial,0,0,0,0,0,0,0,2024-06-13 18:53:49.178489+00
1719463364.437961,Subtrans,739,172,0,736,0,44,43,2024-06-13 18:53:49.178489+00
1719463364.437961,Xact,705,89826218,9,759,0,44,0,2024-06-13 18:53:49.178489+00
1719463364.437961,other,0,0,0,0,0,0,0,2024-06-13 18:53:49.178489+00
1719463424.450807,CommitTs,0,0,0,0,0,44,0,2024-06-13 18:53:49.178489+00
1719463424.450807,MultiXactMember,2,2851,5,12,0,54,0,2024-06-13 18:53:49.178489+00
1719463424.450807,MultiXactOffset,1,2854,10,11,10,54,0,2024-06-13 18:53:49.178489+00
1719463424.450807,Notify,0,0,0,0,0,0,0,2024-06-13 18:53:49.178489+00
1719463424.450807,Serial,0,0,0,0,0,0,0,2024-06-13 18:53:49.178489+00
1719463424.450807,Subtrans,739,172,0,736,0,44,43,2024-06-13 18:53:49.178489+00
1719463424.450807,Xact,705,89826218,9,759,0,44,0,2024-06-13 18:53:49.178489+00
1719463424.450807,other,0,0,0,0,0,0,0,2024-06-13 18:53:49.178489+00
1719463484.461809,CommitTs,0,0,0,0,0,44,0,2024-06-13 18:53:49.178489+00
1719463484.461809,MultiXactMember,2,2851,5,12,0,54,0,2024-06-13 18:53:49.178489+00
1719463484.461809,MultiXactOffset,1,2854,10,11,10,54,0,2024-06-13 18:53:49.178489+00
1719463484.461809,Notify,0,0,0,0,0,0,0,2024-06-13 18:53:49.178489+00
1719463484.461809,Serial,0,0,0,0,0,0,0,2024-06-13 18:53:49.178489+00
1719463484.461809,Subtrans,739,172,0,736,0,44,43,2024-06-13 18:53:49.178489+00
1719463484.461809,Xact,705,89826218,9,759,0,44,0,2024-06-13 18:53:49.178489+00
1719463484.461809,other,0,0,0,0,0,0,0,2024-06-13 18:53:49.178489+00
1719463544.472100,CommitTs,0,0,0,0,0,44,0,2024-06-13 18:53:49.178489+00
1719463544.472100,MultiXactMember,2,2851,5,12,0,54,0,2024-06-13 18:53:49.178489+00
1719463544.472100,MultiXactOffset,1,2854,10,11,10,54,0,2024-06-13 18:53:49.178489+00
1719463544.472100,Notify,0,0,0,0,0,0,0,2024-06-13 18:53:49.178489+00
1719463544.472100,Serial,0,0,0,0,0,0,0,2024-06-13 18:53:49.178489+00
1719463544.472100,Subtrans,739,172,0,736,0,44,43,2024-06-13 18:53:49.178489+00
1719463544.472100,Xact,705,89826218,9,759,0,44,0,2024-06-13 18:53:49.178489+00
1719463544.472100,other,0,0,0,0,0,0,0,2024-06-13 18:53:49.178489+00
1719463604.480440,CommitTs,0,0,0,0,0,44,0,2024-06-13 18:53:49.178489+00
1719463604.480440,MultiXactMember,2,2851,5,12,0,54,0,2024-06-13 18:53:49.178489+00
1719463604.480440,MultiXactOffset,1,2854,10,11,10,54,0,2024-06-13 18:53:49.178489+00
1719463604.480440,Notify,0,0,0,0,0,0,0,2024-06-13 18:53:49.178489+00
1719463604.480440,Serial,0,0,0,0,0,0,0,2024-06-13 18:53:49.178489+00
1719463604.480440,Subtrans,739,172,0,736,0,44,43,2024-06-13 18:53:49.178489+00
1719463604.480440,Xact,705,89826218,9,759,0,44,0,2024-06-13 18:53:49.178489+00
1719463604.480440,other,0,0,0,0,0,0,0,2024-06-13 18:53:49.178489+00
1719463664.493127,CommitTs,0,0,0,0,0,44,0,2024-06-13 18:53:49.178489+00
1719463664.493127,MultiXactMember,2,2851,5,12,0,54,0,2024-06-13 18:53:49.178489+00
1719463664.493127,MultiXactOffset,1,2854,10,11,10,54,0,2024-06-13 18:53:49.178489+00
1719463664.493127,Notify,0,0,0,0,0,0,0,2024-06-13 18:53:49.178489+00
1719463664.493127,Serial,0,0,0,0,0,0,0,2024-06-13 18:53:49.178489+00
1719463664.493127,Subtrans,739,172,0,736,0,44,43,2024-06-13 18:53:49.178489+00
1719463664.493127,Xact,705,89826218,9,759,0,44,0,2024-06-13 18:53:49.178489+00
1719463664.493127,other,0,0,0,0,0,0,0,2024-06-13 18:53:49.178489+00
1719463724.500485,CommitTs,0,0,0,0,0,44,0,2024-06-13 18:53:49.178489+00
1719463724.500485,MultiXactMember,2,2851,5,12,0,54,0,2024-06-13 18:53:49.178489+00
1719463724.500485,MultiXactOffset,1,2854,10,11,10,54,0,2024-06-13 18:53:49.178489+00
1719463724.500485,Notify,0,0,0,0,0,0,0,2024-06-13 18:53:49.178489+00
1719463724.500485,Serial,0,0,0,0,0,0,0,2024-06-13 18:53:49.178489+00
1719463724.500485,Subtrans,739,172,0,736,0,44,43,2024-06-13 18:53:49.178489+00
1719463724.500485,Xact,705,89826218,9,759,0,44,0,2024-06-13 18:53:49.178489+00
1719463724.500485,other,0,0,0,0,0,0,0,2024-06-13 18:53:49.178489+00
1719463784.516624,CommitTs,0,0,0,0,0,44,0,2024-06-13 18:53:49.178489+00
1719463784.516624,MultiXactMember,2,2851,5,12,0,54,0,2024-06-13 18:53:49.178489+00
1719463784.516624,MultiXactOffset,1,2854,10,11,10,54,0,2024-06-13 18:53:49.178489+00
1719463784.516624,Notify,0,0,0,0,0,0,0,2024-06-13 18:53:49.178489+00
1719463784.516624,Serial,0,0,0,0,0,0,0,2024-06-13 18:53:49.178489+00
1719463784.516624,Subtrans,739,172,0,736,0,44,43,2024-06-13 18:53:49.178489+00
1719463784.516624,Xact,705,89826218,9,759,0,44,0,2024-06-13 18:53:49.178489+00
1719463784.516624,other,0,0,0,0,0,0,0,2024-06-13 18:53:49.178489+00
1719463844.524403,CommitTs,0,0,0,0,0,44,0,2024-06-13 18:53:49.178489+00
1719463844.524403,MultiXactMember,2,2851,5,12,0,54,0,2024-06-13 18:53:49.178489+00
1719463844.524403,MultiXactOffset,1,2854,10,11,10,54,0,2024-06-13 18:53:49.178489+00
1719463844.524403,Notify,0,0,0,0,0,0,0,2024-06-13 18:53:49.178489+00
1719463844.524403,Serial,0,0,0,0,0,0,0,2024-06-13 18:53:49.178489+00
1719463844.524403,Subtrans,739,172,0,736,0,44,43,2024-06-13 18:53:49.178489+00
1719463844.524403,Xact,705,89826270,9,759,0,44,0,2024-06-13 18:53:49.178489+00
1719463844.524403,other,0,0,0,0,0,0,0,2024-06-13 18:53:49.178489+00
1719463904.536947,CommitTs,0,0,0,0,0,44,0,2024-06-13 18:53:49.178489+00
1719463904.536947,MultiXactMember,2,2851,5,12,0,54,0,2024-06-13 18:53:49.178489+00
1719463904.536947,MultiXactOffset,1,2854,10,11,10,54,0,2024-06-13 18:53:49.178489+00
1719463904.536947,Notify,0,0,0,0,0,0,0,2024-06-13 18:53:49.178489+00
1719463904.536947,Serial,0,0,0,0,0,0,0,2024-06-13 18:53:49.178489+00
1719463904.536947,Subtrans,739,172,0,736,0,44,43,2024-06-13 18:53:49.178489+00
1719463904.536947,Xact,705,89826439,9,759,0,44,0,2024-06-13 18:53:49.178489+00
1719463904.536947,other,0,0,0,0,0,0,0,2024-06-13 18:53:49.178489+00
1719463964.549973,CommitTs,0,0,0,0,0,44,0,2024-06-13 18:53:49.178489+00
1719463964.549973,MultiXactMember,2,2851,5,12,0,54,0,2024-06-13 18:53:49.178489+00
1719463964.549973,MultiXactOffset,1,2854,10,11,10,54,0,2024-06-13 18:53:49.178489+00
1719463964.549973,Notify,0,0,0,0,0,0,0,2024-06-13 18:53:49.178489+00
1719463964.549973,Serial,0,0,0,0,0,0,0,2024-06-13 18:53:49.178489+00
1719463964.549973,Subtrans,739,172,0,736,0,44,43,2024-06-13 18:53:49.178489+00
1719463964.549973,Xact,705,89826475,9,759,0,44,0,2024-06-13 18:53:49.178489+00
1719463964.549973,other,0,0,0,0,0,0,0,2024-06-13 18:53:49.178489+00
1719464024.557265,CommitTs,0,0,0,0,0,44,0,2024-06-13 18:53:49.178489+00
1719464024.557265,MultiXactMember,2,2851,5,12,0,54,0,2024-06-13 18:53:49.178489+00
1719464024.557265,MultiXactOffset,1,2854,10,11,10,54,0,2024-06-13 18:53:49.178489+00
1719464024.557265,Notify,0,0,0,0,0,0,0,2024-06-13 18:53:49.178489+00
1719464024.557265,Serial,0,0,0,0,0,0,0,2024-06-13 18:53:49.178489+00
1719464024.557265,Subtrans,739,172,0,736,0,44,43,2024-06-13 18:53:49.178489+00
1719464024.557265,Xact,705,89826475,9,759,0,44,0,2024-06-13 18:53:49.178489+00
1719464024.557265,other,0,0,0,0,0,0,0,2024-06-13 18:53:49.178489+00
1719464084.566047,CommitTs,0,0,0,0,0,44,0,2024-06-13 18:53:49.178489+00
1719464084.566047,MultiXactMember,2,2851,5,12,0,54,0,2024-06-13 18:53:49.178489+00
1719464084.566047,MultiXactOffset,1,2854,10,11,10,54,0,2024-06-13 18:53:49.178489+00
1719464084.566047,Notify,0,0,0,0,0,0,0,2024-06-13 18:53:49.178489+00
1719464084.566047,Serial,0,0,0,0,0,0,0,2024-06-13 18:53:49.178489+00
1719464084.566047,Subtrans,739,172,0,736,0,44,43,2024-06-13 18:53:49.178489+00
1719464084.566047,Xact,705,89826475,9,759,0,44,0,2024-06-13 18:53:49.178489+00
1719464084.566047,other,0,0,0,0,0,0,0,2024-06-13 18:53:49.178489+00
1719464144.579745,CommitTs,0,0,0,0,0,44,0,2024-06-13 18:53:49.178489+00
1719464144.579745,MultiXactMember,2,2851,5,12,0,54,0,2024-06-13 18:53:49.178489+00
1719464144.579745,MultiXactOffset,1,2854,10,11,10,54,0,2024-06-13 18:53:49.178489+00
1719464144.579745,Notify,0,0,0,0,0,0,0,2024-06-13 18:53:49.178489+00
1719464144.579745,Serial,0,0,0,0,0,0,0,2024-06-13 18:53:49.178489+00
1719464144.579745,Subtrans,739,172,0,736,0,44,43,2024-06-13 18:53:49.178489+00
1719464144.579745,Xact,705,89826475,9,759,0,44,0,2024-06-13 18:53:49.178489+00
1719464144.579745,other,0,0,0,0,0,0,0,2024-06-13 18:53:49.178489+00
1719464204.594175,CommitTs,0,0,0,0,0,44,0,2024-06-13 18:53:49.178489+00
1719464204.594175,MultiXactMember,2,2851,5,12,0,54,0,2024-06-13 18:53:49.178489+00
1719464204.594175,MultiXactOffset,1,2854,10,11,10,54,0,2024-06-13 18:53:49.178489+00
1719464204.594175,Notify,0,0,0,0,0,0,0,2024-06-13 18:53:49.178489+00
1719464204.594175,Serial,0,0,0,0,0,0,0,2024-06-13 18:53:49.178489+00
1719464204.594175,Subtrans,739,172,0,736,0,44,43,2024-06-13 18:53:49.178489+00
1719464204.594175,Xact,705,89826475,9,759,0,44,0,2024-06-13 18:53:49.178489+00
1719464204.594175,other,0,0,0,0,0,0,0,2024-06-13 18:53:49.178489+00
1719464264.604945,CommitTs,0,0,0,0,0,44,0,2024-06-13 18:53:49.178489+00
1719464264.604945,MultiXactMember,2,2851,5,12,0,54,0,2024-06-13 18:53:49.178489+00
1719464264.604945,MultiXactOffset,1,2854,10,11,10,54,0,2024-06-13 18:53:49.178489+00
1719464264.604945,Notify,0,0,0,0,0,0,0,2024-06-13 18:53:49.178489+00
1719464264.604945,Serial,0,0,0,0,0,0,0,2024-06-13 18:53:49.178489+00
1719464264.604945,Subtrans,739,172,0,736,0,44,43,2024-06-13 18:53:49.178489+00
1719464264.604945,Xact,705,89826475,9,759,0,44,0,2024-06-13 18:53:49.178489+00
1719464264.604945,other,0,0,0,0,0,0,0,2024-06-13 18:53:49.178489+00
1719464324.607738,CommitTs,0,0,0,0,0,44,0,2024-06-13 18:53:49.178489+00
1719464324.607738,MultiXactMember,2,2851,5,12,0,54,0,2024-06-13 18:53:49.178489+00
1719464324.607738,MultiXactOffset,1,2854,10,11,10,54,0,2024-06-13 18:53:49.178489+00
1719464324.607738,Notify,0,0,0,0,0,0,0,2024-06-13 18:53:49.178489+00
1719464324.607738,Serial,0,0,0,0,0,0,0,2024-06-13 18:53:49.178489+00
1719464324.607738,Subtrans,739,172,0,736,0,44,43,2024-06-13 18:53:49.178489+00
1719464324.607738,Xact,705,89826475,9,759,0,44,0,2024-06-13 18:53:49.178489+00
1719464324.607738,other,0,0,0,0,0,0,0,2024-06-13 18:53:49.178489+00
1719464384.622677,CommitTs,0,0,0,0,0,44,0,2024-06-13 18:53:49.178489+00
1719464384.622677,MultiXactMember,2,2851,5,12,0,54,0,2024-06-13 18:53:49.178489+00
1719464384.622677,MultiXactOffset,1,2854,10,11,10,54,0,2024-06-13 18:53:49.178489+00
1719464384.622677,Notify,0,0,0,0,0,0,0,2024-06-13 18:53:49.178489+00
1719464384.622677,Serial,0,0,0,0,0,0,0,2024-06-13 18:53:49.178489+00
1719464384.622677,Subtrans,739,172,0,736,0,44,43,2024-06-13 18:53:49.178489+00
1719464384.622677,Xact,705,89826475,9,759,0,44,0,2024-06-13 18:53:49.178489+00
1719464384.622677,other,0,0,0,0,0,0,0,2024-06-13 18:53:49.178489+00
1719464444.632897,CommitTs,0,0,0,0,0,44,0,2024-06-13 18:53:49.178489+00
1719464444.632897,MultiXactMember,2,2851,5,12,0,54,0,2024-06-13 18:53:49.178489+00
1719464444.632897,MultiXactOffset,1,2854,10,11,10,54,0,2024-06-13 18:53:49.178489+00
1719464444.632897,Notify,0,0,0,0,0,0,0,2024-06-13 18:53:49.178489+00
1719464444.632897,Serial,0,0,0,0,0,0,0,2024-06-13 18:53:49.178489+00
1719464444.632897,Subtrans,739,172,0,736,0,44,43,2024-06-13 18:53:49.178489+00
1719464444.632897,Xact,705,89826475,9,759,0,44,0,2024-06-13 18:53:49.178489+00
1719464444.632897,other,0,0,0,0,0,0,0,2024-06-13 18:53:49.178489+00
1719464504.644984,CommitTs,0,0,0,0,0,44,0,2024-06-13 18:53:49.178489+00
1719464504.644984,MultiXactMember,2,2851,5,12,0,54,0,2024-06-13 18:53:49.178489+00
1719464504.644984,MultiXactOffset,1,2854,10,11,10,54,0,2024-06-13 18:53:49.178489+00
1719464504.644984,Notify,0,0,0,0,0,0,0,2024-06-13 18:53:49.178489+00
1719464504.644984,Serial,0,0,0,0,0,0,0,2024-06-13 18:53:49.178489+00
1719464504.644984,Subtrans,739,172,0,736,0,44,43,2024-06-13 18:53:49.178489+00
1719464504.644984,Xact,705,89826475,9,759,0,44,0,2024-06-13 18:53:49.178489+00
1719464504.644984,other,0,0,0,0,0,0,0,2024-06-13 18:53:49.178489+00
1719464564.655229,CommitTs,0,0,0,0,0,44,0,2024-06-13 18:53:49.178489+00
1719464564.655229,MultiXactMember,2,2851,5,12,0,54,0,2024-06-13 18:53:49.178489+00
1719464564.655229,MultiXactOffset,1,2854,10,11,10,54,0,2024-06-13 18:53:49.178489+00
1719464564.655229,Notify,0,0,0,0,0,0,0,2024-06-13 18:53:49.178489+00
1719464564.655229,Serial,0,0,0,0,0,0,0,2024-06-13 18:53:49.178489+00
1719464564.655229,Subtrans,739,172,0,736,0,44,43,2024-06-13 18:53:49.178489+00
1719464564.655229,Xact,705,89826475,9,759,0,44,0,2024-06-13 18:53:49.178489+00
1719464564.655229,other,0,0,0,0,0,0,0,2024-06-13 18:53:49.178489+00
1719464624.662001,CommitTs,0,0,0,0,0,44,0,2024-06-13 18:53:49.178489+00
1719464624.662001,MultiXactMember,2,2851,5,12,0,54,0,2024-06-13 18:53:49.178489+00
1719464624.662001,MultiXactOffset,1,2854,10,11,10,54,0,2024-06-13 18:53:49.178489+00
1719464624.662001,Notify,0,0,0,0,0,0,0,2024-06-13 18:53:49.178489+00
1719464624.662001,Serial,0,0,0,0,0,0,0,2024-06-13 18:53:49.178489+00
1719464624.662001,Subtrans,739,172,0,736,0,44,43,2024-06-13 18:53:49.178489+00
1719464624.662001,Xact,705,89826475,9,759,0,44,0,2024-06-13 18:53:49.178489+00
1719464624.662001,other,0,0,0,0,0,0,0,2024-06-13 18:53:49.178489+00
1719464684.672041,CommitTs,0,0,0,0,0,44,0,2024-06-13 18:53:49.178489+00
1719464684.672041,MultiXactMember,2,2851,5,12,0,54,0,2024-06-13 18:53:49.178489+00
1719464684.672041,MultiXactOffset,1,2854,10,11,10,54,0,2024-06-13 18:53:49.178489+00
1719464684.672041,Notify,0,0,0,0,0,0,0,2024-06-13 18:53:49.178489+00
1719464684.672041,Serial,0,0,0,0,0,0,0,2024-06-13 18:53:49.178489+00
1719464684.672041,Subtrans,739,172,0,736,0,44,43,2024-06-13 18:53:49.178489+00
1719464684.672041,Xact,705,89826475,9,759,0,44,0,2024-06-13 18:53:49.178489+00
1719464684.672041,other,0,0,0,0,0,0,0,2024-06-13 18:53:49.178489+00
1719464744.680680,CommitTs,0,0,0,0,0,44,0,2024-06-13 18:53:49.178489+00
1719464744.680680,MultiXactMember,2,2851,5,12,0,54,0,2024-06-13 18:53:49.178489+00
1719464744.680680,MultiXactOffset,1,2854,10,11,10,54,0,2024-06-13 18:53:49.178489+00
1719464744.680680,Notify,0,0,0,0,0,0,0,2024-06-13 18:53:49.178489+00
1719464744.680680,Serial,0,0,0,0,0,0,0,2024-06-13 18:53:49.178489+00
1719464744.680680,Subtrans,739,172,0,736,0,44,43,2024-06-13 18:53:49.178489+00
1719464744.680680,Xact,705,89826495,9,759,0,44,0,2024-06-13 18:53:49.178489+00
1719464744.680680,other,0,0,0,0,0,0,0,2024-06-13 18:53:49.178489+00
1719464804.695956,CommitTs,0,0,0,0,0,44,0,2024-06-13 18:53:49.178489+00
1719464804.695956,MultiXactMember,2,2851,5,12,0,54,0,2024-06-13 18:53:49.178489+00
1719464804.695956,MultiXactOffset,1,2854,10,11,10,54,0,2024-06-13 18:53:49.178489+00
1719464804.695956,Notify,0,0,0,0,0,0,0,2024-06-13 18:53:49.178489+00
1719464804.695956,Serial,0,0,0,0,0,0,0,2024-06-13 18:53:49.178489+00
1719464804.695956,Subtrans,739,172,0,736,0,44,43,2024-06-13 18:53:49.178489+00
1719464804.695956,Xact,705,89826495,9,759,0,44,0,2024-06-13 18:53:49.178489+00
1719464804.695956,other,0,0,0,0,0,0,0,2024-06-13 18:53:49.178489+00
