ctime,schemaname,relname,seq_scan,seq_tup_read,idx_scan,idx_tup_fetch,n_tup_ins,n_tup_upd,n_tup_del,n_tup_hot_upd,n_live_tup,n_dead_tup,heap_blks_read,heap_blks_hit,idx_blks_read,idx_blks_hit,toast_blks_read,toast_blks_hit,tidx_blks_read,tidx_blks_hit
1653668461.991067,pg_catalog,pg_init_privs,0,0,1634,0,0,0,0,0,0,0,0,0,236,1683,0,0,0,0
1653668461.991067,pg_toast,pg_toast_3256,0,0,0,0,0,0,0,0,0,0,0,0,0,0,,,,
1653668461.991067,pg_toast,pg_toast_1417,0,0,0,0,0,0,0,0,0,0,0,0,0,0,,,,
1653668461.991067,pg_toast,pg_toast_2609,0,0,0,0,0,0,0,0,0,0,0,0,0,0,,,,
1653668461.991067,pg_catalog,pg_replication_origin,0,0,0,0,0,0,0,0,0,0,0,0,0,0,0,0,0,0
1653668461.991067,pg_toast,pg_toast_2619,0,0,1066,1825,301,0,288,0,29,14,627,1700,541,1493,,,,
1653668461.991067,pg_catalog,pg_foreign_data_wrapper,0,0,0,0,0,0,0,0,0,0,0,0,0,0,0,0,0,0
1653668461.991067,pg_toast,pg_toast_2612,0,0,0,0,0,0,0,0,0,0,0,0,0,0,,,,
1653668461.991067,pg_catalog,pg_authid,365,2246,20391,20391,0,0,0,0,0,0,821,19935,3799,36983,0,0,0,0
1653668461.991067,public,time_statistics,1,1,,,3,1,0,1,3,1,3,3,,,,,,
1653668461.991067,public,supplier,5,300000,0,0,100000,0,0,0,100000,0,4442,19083,3,0,0,0,1,0
1653668461.991067,pg_catalog,pg_subscription_rel,369,0,0,0,0,0,0,0,0,0,0,0,0,0,,,,
1653668461.991067,pg_catalog,pg_shdepend,0,0,1948,313,0,0,0,0,0,0,119,194,474,2057,,,,
1653668461.991067,pg_toast,pg_toast_2615,0,0,0,0,0,0,0,0,0,0,0,0,0,0,,,,
1653668461.991067,pg_toast,pg_toast_3600,0,0,0,0,0,0,0,0,0,0,0,0,0,0,,,,
1653668461.991067,pg_catalog,pg_namespace,426,6800,26325,19132,16,0,0,0,16,0,1068,19725,3270,35388,0,0,0,0
1653668461.991067,pg_catalog,pg_shdescription,0,0,0,0,0,0,0,0,0,0,0,0,0,0,0,0,0,0
1653668461.991067,pg_catalog,pg_ts_dict,0,0,0,0,0,0,0,0,0,0,0,0,0,0,0,0,0,0
1653668461.991067,public,customer,5,7500000,0,0,1500000,0,0,0,1500092,0,309391,162654,5,0,0,0,1,0
1653668461.991067,pg_toast,pg_toast_18192,1,0,0,0,0,0,0,0,0,0,0,0,1,0,,,,
1653668461.991067,pg_catalog,pg_seclabel,0,0,1634,0,0,0,0,0,0,0,0,0,117,3151,0,0,0,0
1653668461.991067,pg_catalog,pg_description,0,0,1634,0,0,0,0,0,0,0,0,0,354,3199,0,0,0,0
1653668461.991067,pg_catalog,pg_ts_config_map,0,0,0,0,0,0,0,0,0,0,0,0,0,0,,,,
1653668461.991067,pg_catalog,pg_tablespace,2,4,4819,4819,0,0,0,0,0,0,1039,3782,2121,7601,0,0,0,0
1653668461.991067,information_schema,sql_parts,0,0,,,0,0,0,0,0,0,0,0,,,0,0,0,0
1653668461.991067,pg_catalog,pg_depend,0,0,14892,16101,2855,0,2731,0,8929,845,2029,17982,2800,40734,,,,
1653668461.991067,pg_catalog,pg_db_role_setting,0,0,38648,0,0,0,0,0,0,0,0,0,842,76454,0,0,0,0
1653668461.991067,pg_catalog,pg_user_mapping,0,0,0,0,0,0,0,0,0,0,0,0,0,0,0,0,0,0
1653668461.991067,pg_catalog,pg_largeobject,0,0,0,0,0,0,0,0,0,0,0,0,0,0,,,,
1653668461.991067,pg_toast,pg_toast_3456,0,0,0,0,0,0,0,0,0,0,0,0,0,0,,,,
1653668461.991067,pg_catalog,pg_auth_members,0,0,0,0,0,0,0,0,0,0,0,0,0,0,,,,
1653668461.991067,public,lineitem,11,539874468,0,0,59986052,0,0,0,59985299,0,12570079,4931361,7,190,0,0,1,0
1653668461.991067,pg_catalog,pg_operator,0,0,45097,210282,0,0,0,0,0,0,10725,140031,7807,94087,,,,
1653668461.991067,pg_catalog,pg_index,1730,163245,105103,137358,561,112,525,90,191,55,5665,130383,3838,119495,,,,
1653668461.991067,pg_catalog,pg_attribute,1309,6188,309195,743512,4221,0,3974,0,3216,279,18395,326284,6434,643563,,,,
1653668461.991067,pg_catalog,pg_aggregate,0,0,4660,4660,0,0,0,0,0,0,770,3890,1559,6817,0,0,0,0
1653668461.991067,pg_toast,pg_toast_14532,0,0,0,0,0,0,0,0,0,0,0,0,0,0,,,,
1653668461.991067,pg_toast,pg_toast_2964,0,0,0,0,0,0,0,0,0,0,0,0,0,0,,,,
1653668461.991067,pg_catalog,pg_rewrite,0,0,1905,1705,95,0,94,0,139,17,915,1330,503,2782,1034,802,218,1660
1653668461.991067,pg_toast,pg_toast_1262,0,0,0,0,0,0,0,0,0,0,0,0,0,0,,,,
1653668461.991067,pg_toast,pg_toast_2600,0,0,0,0,0,0,0,0,0,0,0,0,0,0,,,,
1653668461.991067,pg_toast,pg_toast_3079,0,0,0,0,0,0,0,0,0,0,0,0,0,0,,,,
1653668461.991067,pg_catalog,pg_type,0,0,151227,149268,562,0,542,0,619,2,3570,148128,4555,311260,0,0,0,0
1653668461.991067,pg_catalog,pg_amop,0,0,70098,151750,0,0,0,0,0,0,6042,119340,6539,144265,,,,
1653668461.991067,pg_toast,pg_toast_3381,0,0,0,0,0,0,0,0,0,0,0,0,0,0,,,,
1653668461.991067,pg_toast,pg_toast_2396,0,0,0,0,0,0,0,0,0,0,0,0,0,0,,,,
1653668461.991067,pg_toast,pg_toast_3466,0,0,0,0,0,0,0,0,0,0,0,0,0,0,,,,
1653668461.991067,pg_toast,pg_toast_18197,1,0,0,0,0,0,0,0,0,0,0,0,1,0,,,,
1653668461.991067,pg_catalog,pg_range,0,0,2868,0,0,0,0,0,0,0,0,0,3204,2532,,,,
1653668461.991067,pg_catalog,pg_ts_config,0,0,7928,7928,0,0,0,0,0,0,626,7302,2634,9258,,,,
1653668461.991067,pg_toast,pg_toast_6100,0,0,0,0,0,0,0,0,0,0,0,0,0,0,,,,
1653668461.991067,pg_catalog,pg_sequence,0,0,81,81,15,0,14,0,1,14,65,45,130,49,,,,
1653668461.991067,pg_catalog,pg_inherits,0,0,894,0,0,0,0,0,0,0,0,0,118,1670,,,,
1653668461.991067,pg_catalog,pg_foreign_server,0,0,0,0,0,0,0,0,0,0,0,0,0,0,0,0,0,0
1653668461.991067,pg_catalog,pg_database,953,3164,29588,29586,1,0,0,0,1,0,705,29838,4047,44774,0,0,0,0
1653668461.991067,pg_toast,pg_toast_18182,1,0,0,0,0,0,0,0,0,0,0,0,1,0,,,,
1653668461.991067,pg_catalog,pg_enum,0,0,0,0,0,0,0,0,0,0,0,0,0,0,,,,
1653668461.991067,information_schema,sql_sizing,0,0,,,0,0,0,0,0,0,0,0,,,0,0,0,0
1653668461.991067,pg_catalog,pg_conversion,0,0,0,0,0,0,0,0,0,0,0,0,0,0,,,,
1653668461.991067,pg_catalog,pg_default_acl,0,0,592,0,0,0,0,0,0,0,0,0,117,1067,0,0,0,0
1653668461.991067,pg_catalog,pg_attrdef,0,0,0,0,0,0,0,0,0,0,0,0,0,0,0,0,0,0
1653668461.991067,pg_toast,pg_toast_2620,0,0,0,0,0,0,0,0,0,0,0,0,0,0,,,,
1653668461.991067,pg_catalog,pg_amproc,238,833,49888,124582,0,0,0,0,0,0,2185,48678,3675,107457,,,,
1653668461.991067,pg_catalog,pg_constraint,0,0,1122,1010,112,0,104,0,115,32,404,1113,713,2284,0,0,0,0
1653668461.991067,pg_catalog,pg_proc,0,0,58981,82822,0,0,0,0,0,0,11430,53503,10755,119709,0,0,0,0
1653668461.991067,pg_toast,pg_toast_1418,0,0,0,0,0,0,0,0,0,0,0,0,0,0,,,,
1653668461.991067,pg_catalog,pg_trigger,0,0,0,0,0,0,0,0,0,0,0,0,0,0,0,0,0,0
1653668461.991067,pg_catalog,pg_language,0,0,0,0,0,0,0,0,0,0,0,0,0,0,0,0,0,0
1653668461.991067,pg_toast,pg_toast_2328,0,0,0,0,0,0,0,0,0,0,0,0,0,0,,,,
1653668461.991067,pg_toast,pg_toast_14522,0,0,0,0,0,0,0,0,0,0,0,0,0,0,,,,
1653668461.991067,pg_toast,pg_toast_3596,0,0,0,0,0,0,0,0,0,0,0,0,0,0,,,,
1653668461.991067,public,orders,4,60000000,0,0,15000000,0,0,0,14998685,0,1660158,1088846,3,29,0,0,1,0
1653668461.991067,pg_toast,pg_toast_1255,0,0,0,0,0,0,0,0,0,0,0,0,0,0,,,,
1653668461.991067,pg_catalog,pg_collation,0,0,94,94,0,0,0,0,0,0,68,26,204,78,0,0,0,0
1653668461.991067,pg_catalog,pg_extension,0,0,0,0,0,0,0,0,0,0,0,0,30,0,0,0,0,0
1653668461.991067,pg_catalog,pg_subscription,0,0,0,0,0,0,0,0,0,0,0,0,0,0,0,0,0,0
1653668461.991067,information_schema,sql_implementation_info,0,0,,,0,0,0,0,0,0,0,0,,,0,0,0,0
1653668461.991067,pg_toast,pg_toast_2606,0,0,0,0,0,0,0,0,0,0,0,0,0,0,,,,
1653668461.991067,pg_catalog,pg_policy,0,0,0,0,0,0,0,0,0,0,0,0,0,0,0,0,0,0
1653668461.991067,public,region,1,5,0,0,5,0,0,0,5,0,5,6,1,0,,,,
1653668461.991067,pg_catalog,pg_event_trigger,0,0,978,0,0,0,0,0,0,0,0,0,120,858,0,0,0,0
1653668461.991067,pg_catalog,pg_shseclabel,0,0,0,0,0,0,0,0,0,0,0,0,0,0,0,0,0,0
1653668461.991067,pg_catalog,pg_ts_template,0,0,0,0,0,0,0,0,0,0,0,0,0,0,,,,
1653668461.991067,public,part,8,10000000,0,0,2000000,0,0,0,1999945,0,344517,154533,4,10,0,0,1,0
1653668461.991067,pg_catalog,pg_largeobject_metadata,0,0,0,0,0,0,0,0,0,0,0,0,0,0,,,,
1653668461.991067,pg_toast,pg_toast_826,0,0,0,0,0,0,0,0,0,0,0,0,0,0,,,,
1653668461.991067,pg_toast,pg_toast_1213,0,0,0,0,0,0,0,0,0,0,0,0,0,0,,,,
1653668461.991067,pg_catalog,pg_opclass,238,238,63369,704676,0,0,0,0,0,0,2338,281950,3453,74814,,,,
1653668461.991067,pg_toast,pg_toast_18187,1,0,0,0,0,0,0,0,0,0,0,0,1,0,,,,
1653668461.991067,pg_toast,pg_toast_2618,0,0,1110,3885,0,0,0,0,0,0,1034,802,218,1660,,,,
1653668461.991067,pg_catalog,pg_foreign_table,0,0,0,0,0,0,0,0,0,0,0,0,0,0,0,0,0,0
1653668461.991067,pg_catalog,pg_class,5256,748380,277517,239316,947,185,894,174,448,67,9954,281173,7352,574018,,,,
1653668461.991067,public,partsupp,4,16000000,0,0,8000000,0,0,0,7998567,0,755093,835076,2,0,0,0,1,0
1653668461.991067,pg_catalog,pg_partitioned_table,0,0,0,0,0,0,0,0,0,0,0,0,0,0,0,0,0,0
1653668461.991067,pg_toast,pg_toast_3118,0,0,0,0,0,0,0,0,0,0,0,0,0,0,,,,
1653668461.991067,pg_toast,pg_toast_3592,0,0,0,0,0,0,0,0,0,0,0,0,0,0,,,,
1653668461.991067,pg_toast,pg_toast_18177,1,0,0,0,0,0,0,0,0,0,0,0,1,0,,,,
1653668461.991067,pg_toast,pg_toast_3350,0,0,0,0,0,0,0,0,0,0,0,0,0,0,,,,
1653668461.991067,pg_catalog,pg_opfamily,0,0,0,0,0,0,0,0,0,0,0,0,0,0,,,,
1653668461.991067,pg_toast,pg_toast_6000,0,0,0,0,0,0,0,0,0,0,0,0,0,0,,,,
1653668461.991067,pg_catalog,pg_ts_parser,0,0,0,0,0,0,0,0,0,0,0,0,0,0,,,,
1653668461.991067,pg_toast,pg_toast_14517,0,0,0,0,0,0,0,0,0,0,0,0,0,0,,,,
1653668461.991067,pg_catalog,pg_publication,1340,0,0,0,0,0,0,0,0,0,0,0,0,0,,,,
1653668461.991067,pg_toast,pg_toast_14527,0,0,0,0,0,0,0,0,0,0,0,0,0,0,,,,
1653668461.991067,pg_catalog,pg_statistic_ext_data,0,0,0,0,0,0,0,0,0,0,0,0,0,0,0,0,0,0
1653668461.991067,pg_catalog,pg_statistic,0,0,41579,32022,927,1744,864,1011,469,34,6545,32978,2967,88607,627,1700,541,1493
1653668461.991067,pg_toast,pg_toast_3394,0,0,0,0,0,0,0,0,0,0,0,0,0,0,,,,
1653668461.991067,pg_catalog,pg_statistic_ext,0,0,11359,0,0,0,0,0,0,0,0,0,832,21886,0,0,0,0
1653668461.991067,pg_toast,pg_toast_1260,0,0,0,0,0,0,0,0,0,0,0,0,0,0,,,,
1653668461.991067,pg_catalog,pg_publication_rel,0,0,1340,0,0,0,0,0,0,0,0,0,717,1963,,,,
1653668461.991067,pg_catalog,pg_cast,0,0,241725,55237,0,0,0,0,0,0,1596,53641,1653,246580,,,,
1653668461.991067,public,nation,1,25,0,0,25,0,0,0,25,0,5,6,1,0,,,,
1653668461.991067,pg_toast,pg_toast_1247,0,0,0,0,0,0,0,0,0,0,0,0,0,0,,,,
1653668461.991067,pg_toast,pg_toast_2604,0,0,0,0,0,0,0,0,0,0,0,0,0,0,,,,
1653668461.991067,pg_toast,pg_toast_3429,0,0,0,0,0,0,0,0,0,0,0,0,0,0,,,,
1653668461.991067,information_schema,sql_features,0,0,,,0,0,0,0,0,0,0,0,,,0,0,0,0
1653668461.991067,pg_toast,pg_toast_18172,1,0,0,0,0,0,0,0,0,0,0,0,1,0,,,,
1653668461.991067,pg_catalog,pg_transform,0,0,0,0,0,0,0,0,0,0,0,0,0,0,,,,
1653668461.991067,pg_catalog,pg_am,22600,22600,0,0,0,0,0,0,0,0,852,21748,0,0,,,,
1653668522.006824,pg_catalog,pg_init_privs,0,0,1634,0,0,0,0,0,0,0,0,0,236,1683,0,0,0,0
1653668522.006824,pg_toast,pg_toast_3256,0,0,0,0,0,0,0,0,0,0,0,0,0,0,,,,
1653668522.006824,pg_toast,pg_toast_1417,0,0,0,0,0,0,0,0,0,0,0,0,0,0,,,,
1653668522.006824,pg_toast,pg_toast_2609,0,0,0,0,0,0,0,0,0,0,0,0,0,0,,,,
1653668522.006824,pg_catalog,pg_replication_origin,0,0,0,0,0,0,0,0,0,0,0,0,0,0,0,0,0,0
1653668522.006824,pg_toast,pg_toast_2619,0,0,1069,1831,301,0,288,0,29,14,629,1701,545,1494,,,,
1653668522.006824,pg_catalog,pg_foreign_data_wrapper,0,0,0,0,0,0,0,0,0,0,0,0,0,0,0,0,0,0
1653668522.006824,pg_toast,pg_toast_2612,0,0,0,0,0,0,0,0,0,0,0,0,0,0,,,,
1653668522.006824,pg_catalog,pg_authid,366,2258,20450,20450,0,0,0,0,0,0,825,19991,3815,37085,0,0,0,0
1653668522.006824,public,time_statistics,6,26,,,8,6,0,6,8,6,7,19,,,,,,
1653668522.006824,public,supplier,8,500000,3296200,3296182,100000,0,0,0,100000,0,113269,3210890,11604,6580810,0,0,1,0
1653668522.006824,pg_catalog,pg_subscription_rel,369,0,0,0,0,0,0,0,0,0,0,0,0,0,,,,
1653668522.006824,pg_catalog,pg_shdepend,0,0,1948,313,0,0,0,0,0,0,119,194,474,2057,,,,
1653668522.006824,pg_toast,pg_toast_2615,0,0,0,0,0,0,0,0,0,0,0,0,0,0,,,,
1653668522.006824,pg_toast,pg_toast_3600,0,0,0,0,0,0,0,0,0,0,0,0,0,0,,,,
1653668522.006824,pg_catalog,pg_namespace,428,6840,26395,19181,16,0,0,0,16,0,1072,19778,3284,35477,0,0,0,0
1653668522.006824,pg_catalog,pg_shdescription,0,0,0,0,0,0,0,0,0,0,0,0,0,0,0,0,0,0
1653668522.006824,pg_catalog,pg_ts_dict,0,0,0,0,0,0,0,0,0,0,0,0,0,0,0,0,0,0
1653668522.006824,public,customer,5,7500000,0,0,1500000,0,0,0,1500092,0,309391,162654,5,0,0,0,1,0
1653668522.006824,pg_toast,pg_toast_18192,1,0,0,0,0,0,0,0,0,0,0,0,1,0,,,,
1653668522.006824,pg_catalog,pg_seclabel,0,0,1634,0,0,0,0,0,0,0,0,0,117,3151,0,0,0,0
1653668522.006824,pg_catalog,pg_description,0,0,1634,0,0,0,0,0,0,0,0,0,354,3199,0,0,0,0
1653668522.006824,pg_catalog,pg_ts_config_map,0,0,0,0,0,0,0,0,0,0,0,0,0,0,,,,
1653668522.006824,pg_catalog,pg_tablespace,2,4,4834,4834,0,0,0,0,0,0,1043,3793,2129,7623,0,0,0,0
1653668522.006824,information_schema,sql_parts,0,0,,,0,0,0,0,0,0,0,0,,,0,0,0,0
1653668522.006824,pg_catalog,pg_depend,0,0,14892,16101,2855,0,2731,0,8929,845,2029,17982,2800,40734,,,,
1653668522.006824,pg_catalog,pg_db_role_setting,0,0,38764,0,0,0,0,0,0,0,0,0,847,76681,0,0,0,0
1653668522.006824,pg_catalog,pg_user_mapping,0,0,0,0,0,0,0,0,0,0,0,0,0,0,0,0,0,0
1653668522.006824,pg_catalog,pg_largeobject,0,0,0,0,0,0,0,0,0,0,0,0,0,0,,,,
1653668522.006824,pg_toast,pg_toast_3456,0,0,0,0,0,0,0,0,0,0,0,0,0,0,,,,
1653668522.006824,pg_catalog,pg_auth_members,0,0,0,0,0,0,0,0,0,0,0,0,0,0,,,,
1653668522.006824,public,lineitem,14,599920137,677510,3271591,60045669,0,0,0,60044916,0,16978206,5222589,668672,3797176,0,0,1,0
1653668522.006824,pg_catalog,pg_operator,0,0,45214,210858,0,0,0,0,0,0,10782,140384,7845,94321,,,,
1653668522.006824,pg_catalog,pg_index,1735,164200,105364,137692,561,112,525,90,191,55,5689,130716,3856,119787,,,,
1653668522.006824,pg_catalog,pg_attribute,1309,6188,309951,745266,4221,0,3974,0,3216,279,18496,326942,6463,645084,,,,
1653668522.006824,pg_catalog,pg_aggregate,0,0,4669,4669,0,0,0,0,0,0,774,3895,1567,6827,0,0,0,0
1653668522.006824,pg_toast,pg_toast_14532,0,0,0,0,0,0,0,0,0,0,0,0,0,0,,,,
1653668522.006824,pg_toast,pg_toast_2964,0,0,0,0,0,0,0,0,0,0,0,0,0,0,,,,
1653668522.006824,pg_catalog,pg_rewrite,0,0,1913,1713,95,0,94,0,139,17,920,1333,505,2794,1042,804,218,1670
1653668522.006824,pg_toast,pg_toast_1262,0,0,0,0,0,0,0,0,0,0,0,0,0,0,,,,
1653668522.006824,pg_toast,pg_toast_2600,0,0,0,0,0,0,0,0,0,0,0,0,0,0,,,,
1653668522.006824,pg_toast,pg_toast_3079,0,0,0,0,0,0,0,0,0,0,0,0,0,0,,,,
1653668522.006824,pg_catalog,pg_type,0,0,151718,149759,562,0,542,0,619,2,3585,148604,4573,312252,0,0,0,0
1653668522.006824,pg_catalog,pg_amop,0,0,70267,152128,0,0,0,0,0,0,6069,119620,6566,144608,,,,
1653668522.006824,pg_toast,pg_toast_3381,0,0,0,0,0,0,0,0,0,0,0,0,0,0,,,,
1653668522.006824,pg_toast,pg_toast_2396,0,0,0,0,0,0,0,0,0,0,0,0,0,0,,,,
1653668522.006824,pg_toast,pg_toast_3466,0,0,0,0,0,0,0,0,0,0,0,0,0,0,,,,
1653668522.006824,pg_toast,pg_toast_18197,1,0,0,0,0,0,0,0,0,0,0,0,1,0,,,,
1653668522.006824,pg_catalog,pg_range,0,0,2878,0,0,0,0,0,0,0,0,0,3220,2536,,,,
1653668522.006824,pg_catalog,pg_ts_config,0,0,7948,7948,0,0,0,0,0,0,629,7319,2646,9276,,,,
1653668522.006824,pg_toast,pg_toast_6100,0,0,0,0,0,0,0,0,0,0,0,0,0,0,,,,
1653668522.006824,pg_catalog,pg_sequence,0,0,81,81,15,0,14,0,1,14,65,45,130,49,,,,
1653668522.006824,pg_catalog,pg_inherits,0,0,894,0,0,0,0,0,0,0,0,0,118,1670,,,,
1653668522.006824,pg_catalog,pg_foreign_server,0,0,0,0,0,0,0,0,0,0,0,0,0,0,0,0,0,0
1653668522.006824,pg_catalog,pg_database,957,3180,29679,29677,1,0,0,0,1,0,708,29930,4070,44900,0,0,0,0
1653668522.006824,pg_toast,pg_toast_18182,1,0,0,0,0,0,0,0,0,0,0,0,1,0,,,,
1653668522.006824,pg_catalog,pg_enum,0,0,0,0,0,0,0,0,0,0,0,0,0,0,,,,
1653668522.006824,information_schema,sql_sizing,0,0,,,0,0,0,0,0,0,0,0,,,0,0,0,0
1653668522.006824,pg_catalog,pg_conversion,0,0,0,0,0,0,0,0,0,0,0,0,0,0,,,,
1653668522.006824,pg_catalog,pg_default_acl,0,0,592,0,0,0,0,0,0,0,0,0,117,1067,0,0,0,0
1653668522.006824,pg_catalog,pg_attrdef,0,0,0,0,0,0,0,0,0,0,0,0,0,0,0,0,0,0
1653668522.006824,pg_toast,pg_toast_2620,0,0,0,0,0,0,0,0,0,0,0,0,0,0,,,,
1653668522.006824,pg_catalog,pg_amproc,238,833,50006,124880,0,0,0,0,0,0,2196,48785,3694,107707,,,,
1653668522.006824,pg_catalog,pg_constraint,0,0,1124,1012,112,0,104,0,115,32,405,1114,715,2285,0,0,0,0
1653668522.006824,pg_catalog,pg_proc,0,0,59164,83081,0,0,0,0,0,0,11493,53655,10809,120060,0,0,0,0
1653668522.006824,pg_toast,pg_toast_1418,0,0,0,0,0,0,0,0,0,0,0,0,0,0,,,,
1653668522.006824,pg_catalog,pg_trigger,0,0,0,0,0,0,0,0,0,0,0,0,0,0,0,0,0,0
1653668522.006824,pg_catalog,pg_language,0,0,0,0,0,0,0,0,0,0,0,0,0,0,0,0,0,0
1653668522.006824,pg_toast,pg_toast_2328,0,0,0,0,0,0,0,0,0,0,0,0,0,0,,,,
1653668522.006824,pg_toast,pg_toast_14522,0,0,0,0,0,0,0,0,0,0,0,0,0,0,,,,
1653668522.006824,pg_toast,pg_toast_3596,0,0,0,0,0,0,0,0,0,0,0,0,0,0,,,,
1653668522.006824,public,orders,4,60000000,3271344,3351,15015000,0,0,0,15013685,0,1663722,3970719,2840191,7145341,0,0,1,0
1653668522.006824,pg_toast,pg_toast_1255,0,0,0,0,0,0,0,0,0,0,0,0,0,0,,,,
1653668522.006824,pg_catalog,pg_collation,0,0,95,95,0,0,0,0,0,0,69,26,207,78,0,0,0,0
1653668522.006824,pg_catalog,pg_extension,0,0,0,0,0,0,0,0,0,0,0,0,30,0,0,0,0,0
1653668522.006824,pg_catalog,pg_subscription,0,0,0,0,0,0,0,0,0,0,0,0,0,0,0,0,0,0
1653668522.006824,information_schema,sql_implementation_info,0,0,,,0,0,0,0,0,0,0,0,,,0,0,0,0
1653668522.006824,pg_toast,pg_toast_2606,0,0,0,0,0,0,0,0,0,0,0,0,0,0,,,,
1653668522.006824,pg_catalog,pg_policy,0,0,0,0,0,0,0,0,0,0,0,0,0,0,0,0,0,0
1653668522.006824,public,region,6212,31060,4,0,5,0,0,0,5,0,7,6219,3,3,,,,
1653668522.006824,pg_catalog,pg_event_trigger,0,0,978,0,0,0,0,0,0,0,0,0,120,858,0,0,0,0
1653668522.006824,pg_catalog,pg_shseclabel,0,0,0,0,0,0,0,0,0,0,0,0,0,0,0,0,0,0
1653668522.006824,pg_catalog,pg_ts_template,0,0,0,0,0,0,0,0,0,0,0,0,0,0,,,,
1653668522.006824,public,part,14,14000000,164782,204898,2000000,0,0,0,1999945,0,546673,225024,20098,474560,0,0,1,0
1653668522.006824,pg_catalog,pg_largeobject_metadata,0,0,0,0,0,0,0,0,0,0,0,0,0,0,,,,
1653668522.006824,pg_toast,pg_toast_826,0,0,0,0,0,0,0,0,0,0,0,0,0,0,,,,
1653668522.006824,pg_toast,pg_toast_1213,0,0,0,0,0,0,0,0,0,0,0,0,0,0,,,,
1653668522.006824,pg_catalog,pg_opclass,238,238,63521,706325,0,0,0,0,0,0,2351,282621,3471,74990,,,,
1653668522.006824,pg_toast,pg_toast_18187,1,0,0,0,0,0,0,0,0,0,0,0,1,0,,,,
1653668522.006824,pg_toast,pg_toast_2618,0,0,1116,3906,0,0,0,0,0,0,1042,804,218,1670,,,,
1653668522.006824,pg_catalog,pg_foreign_table,0,0,0,0,0,0,0,0,0,0,0,0,0,0,0,0,0,0
1653668522.006824,pg_catalog,pg_class,5272,752909,278438,240080,947,185,894,174,448,67,9998,282088,7385,575885,,,,
1653668522.006824,public,partsupp,7,24000000,30319,1869334,8000000,0,0,0,7998567,0,1752705,1863520,13822,77186,0,0,1,0
1653668522.006824,pg_catalog,pg_partitioned_table,0,0,0,0,0,0,0,0,0,0,0,0,0,0,0,0,0,0
1653668522.006824,pg_toast,pg_toast_3118,0,0,0,0,0,0,0,0,0,0,0,0,0,0,,,,
1653668522.006824,pg_toast,pg_toast_3592,0,0,0,0,0,0,0,0,0,0,0,0,0,0,,,,
1653668522.006824,pg_toast,pg_toast_18177,1,0,0,0,0,0,0,0,0,0,0,0,1,0,,,,
1653668522.006824,pg_toast,pg_toast_3350,0,0,0,0,0,0,0,0,0,0,0,0,0,0,,,,
1653668522.006824,pg_catalog,pg_opfamily,0,0,0,0,0,0,0,0,0,0,0,0,0,0,,,,
1653668522.006824,pg_toast,pg_toast_6000,0,0,0,0,0,0,0,0,0,0,0,0,0,0,,,,
1653668522.006824,pg_catalog,pg_ts_parser,0,0,0,0,0,0,0,0,0,0,0,0,0,0,,,,
1653668522.006824,pg_toast,pg_toast_14517,0,0,0,0,0,0,0,0,0,0,0,0,0,0,,,,
1653668522.006824,pg_catalog,pg_publication,1345,0,0,0,0,0,0,0,0,0,0,0,0,0,,,,
1653668522.006824,pg_toast,pg_toast_14527,0,0,0,0,0,0,0,0,0,0,0,0,0,0,,,,
1653668522.006824,pg_catalog,pg_statistic_ext_data,0,0,0,0,0,0,0,0,0,0,0,0,0,0,0,0,0,0
1653668522.006824,pg_catalog,pg_statistic,0,0,41689,32117,927,1744,864,1011,469,28,6580,33049,2980,88841,629,1701,545,1494
1653668522.006824,pg_toast,pg_toast_3394,0,0,0,0,0,0,0,0,0,0,0,0,0,0,,,,
1653668522.006824,pg_catalog,pg_statistic_ext,0,0,11393,0,0,0,0,0,0,0,0,0,836,21950,0,0,0,0
1653668522.006824,pg_toast,pg_toast_1260,0,0,0,0,0,0,0,0,0,0,0,0,0,0,,,,
1653668522.006824,pg_catalog,pg_publication_rel,0,0,1345,0,0,0,0,0,0,0,0,0,721,1969,,,,
1653668522.006824,pg_catalog,pg_cast,0,0,242376,55389,0,0,0,0,0,0,1604,53785,1661,247243,,,,
1653668522.006824,public,nation,7,175,24852,24840,25,0,0,0,25,0,11,24858,7,24849,,,,
1653668522.006824,pg_toast,pg_toast_1247,0,0,0,0,0,0,0,0,0,0,0,0,0,0,,,,
1653668522.006824,pg_toast,pg_toast_2604,0,0,0,0,0,0,0,0,0,0,0,0,0,0,,,,
1653668522.006824,pg_toast,pg_toast_3429,0,0,0,0,0,0,0,0,0,0,0,0,0,0,,,,
1653668522.006824,information_schema,sql_features,0,0,,,0,0,0,0,0,0,0,0,,,0,0,0,0
1653668522.006824,pg_toast,pg_toast_18172,1,0,0,0,0,0,0,0,0,0,0,0,1,0,,,,
1653668522.006824,pg_catalog,pg_transform,0,0,0,0,0,0,0,0,0,0,0,0,0,0,,,,
1653668522.006824,pg_catalog,pg_am,22658,22658,0,0,0,0,0,0,0,0,857,21801,0,0,,,,
1653668582.004223,pg_catalog,pg_init_privs,0,0,1634,0,0,0,0,0,0,0,0,0,236,1683,0,0,0,0
1653668582.004223,pg_toast,pg_toast_3256,0,0,0,0,0,0,0,0,0,0,0,0,0,0,,,,
1653668582.004223,pg_toast,pg_toast_1417,0,0,0,0,0,0,0,0,0,0,0,0,0,0,,,,
1653668582.004223,pg_toast,pg_toast_2609,0,0,0,0,0,0,0,0,0,0,0,0,0,0,,,,
1653668582.004223,pg_catalog,pg_replication_origin,0,0,0,0,0,0,0,0,0,0,0,0,0,0,0,0,0,0
1653668582.004223,pg_toast,pg_toast_2619,0,0,1069,1831,301,0,288,0,29,14,629,1701,545,1494,,,,
1653668582.004223,pg_catalog,pg_foreign_data_wrapper,0,0,0,0,0,0,0,0,0,0,0,0,0,0,0,0,0,0
1653668582.004223,pg_toast,pg_toast_2612,0,0,0,0,0,0,0,0,0,0,0,0,0,0,,,,
1653668582.004223,pg_catalog,pg_authid,368,2282,20514,20514,0,0,0,0,0,0,829,20053,3831,37197,0,0,0,0
1653668582.004223,public,time_statistics,11,76,,,13,11,0,11,13,11,10,36,,,,,,
1653668582.004223,public,supplier,11,600000,3296211,3296182,100000,0,0,0,100000,0,115488,3210899,11864,6580821,0,0,1,0
1653668582.004223,pg_catalog,pg_subscription_rel,369,0,0,0,0,0,0,0,0,0,0,0,0,0,,,,
1653668582.004223,pg_catalog,pg_shdepend,0,0,1948,313,0,0,0,0,0,0,119,194,474,2057,,,,
1653668582.004223,pg_toast,pg_toast_2615,0,0,0,0,0,0,0,0,0,0,0,0,0,0,,,,
1653668582.004223,pg_toast,pg_toast_3600,0,0,0,0,0,0,0,0,0,0,0,0,0,0,,,,
1653668582.004223,pg_catalog,pg_namespace,430,6880,26470,19235,16,0,0,0,16,0,1077,19835,3298,35577,0,0,0,0
1653668582.004223,pg_catalog,pg_shdescription,0,0,0,0,0,0,0,0,0,0,0,0,0,0,0,0,0,0
1653668582.004223,pg_catalog,pg_ts_dict,0,0,0,0,0,0,0,0,0,0,0,0,0,0,0,0,0,0
1653668582.004223,public,customer,8,9000000,23,0,1500000,0,0,0,1500092,0,345254,162842,770,1527,0,0,1,0
1653668582.004223,pg_toast,pg_toast_18192,1,0,0,0,0,0,0,0,0,0,0,0,1,0,,,,
1653668582.004223,pg_catalog,pg_seclabel,0,0,1634,0,0,0,0,0,0,0,0,0,117,3151,0,0,0,0
1653668582.004223,pg_catalog,pg_description,0,0,1634,0,0,0,0,0,0,0,0,0,354,3199,0,0,0,0
1653668582.004223,pg_catalog,pg_ts_config_map,0,0,0,0,0,0,0,0,0,0,0,0,0,0,,,,
1653668582.004223,pg_catalog,pg_tablespace,2,4,4850,4850,0,0,0,0,0,0,1047,3805,2137,7647,0,0,0,0
1653668582.004223,information_schema,sql_parts,0,0,,,0,0,0,0,0,0,0,0,,,0,0,0,0
1653668582.004223,pg_catalog,pg_depend,0,0,14892,16101,2855,0,2731,0,8929,845,2029,17982,2800,40734,,,,
1653668582.004223,pg_catalog,pg_db_role_setting,0,0,38884,0,0,0,0,0,0,0,0,0,853,76915,0,0,0,0
1653668582.004223,pg_catalog,pg_user_mapping,0,0,0,0,0,0,0,0,0,0,0,0,0,0,0,0,0,0
1653668582.004223,pg_catalog,pg_largeobject,0,0,0,0,0,0,0,0,0,0,0,0,0,0,,,,
1653668582.004223,pg_toast,pg_toast_3456,0,0,0,0,0,0,0,0,0,0,0,0,0,0,,,,
1653668582.004223,pg_catalog,pg_auth_members,0,0,0,0,0,0,0,0,0,0,0,0,0,0,,,,
1653668582.004223,public,lineitem,17,659965806,2344803,3900671,60045669,0,0,0,60044916,0,18541217,5319692,1197660,10873928,0,0,1,0
1653668582.004223,pg_catalog,pg_operator,0,0,45341,211507,0,0,0,0,0,0,10825,140815,7876,94585,,,,
1653668582.004223,pg_catalog,pg_index,1740,165155,105648,138055,561,112,525,90,191,55,5716,131070,3874,120106,,,,
1653668582.004223,pg_catalog,pg_attribute,1309,6188,310831,747529,4221,0,3974,0,3216,279,18597,327727,6495,646855,,,,
1653668582.004223,pg_catalog,pg_aggregate,0,0,4682,4682,0,0,0,0,0,0,777,3905,1573,6846,0,0,0,0
1653668582.004223,pg_toast,pg_toast_14532,0,0,0,0,0,0,0,0,0,0,0,0,0,0,,,,
1653668582.004223,pg_toast,pg_toast_2964,0,0,0,0,0,0,0,0,0,0,0,0,0,0,,,,
1653668582.004223,pg_catalog,pg_rewrite,0,0,1921,1721,95,0,94,0,139,17,926,1335,507,2806,1051,806,222,1678
1653668582.004223,pg_toast,pg_toast_1262,0,0,0,0,0,0,0,0,0,0,0,0,0,0,,,,
1653668582.004223,pg_toast,pg_toast_2600,0,0,0,0,0,0,0,0,0,0,0,0,0,0,,,,
1653668582.004223,pg_toast,pg_toast_3079,0,0,0,0,0,0,0,0,0,0,0,0,0,0,,,,
1653668582.004223,pg_catalog,pg_type,0,0,152259,150300,562,0,542,0,619,2,3599,149131,4591,313347,0,0,0,0
1653668582.004223,pg_catalog,pg_amop,0,0,70466,152580,0,0,0,0,0,0,6094,119962,6597,145010,,,,
1653668582.004223,pg_toast,pg_toast_3381,0,0,0,0,0,0,0,0,0,0,0,0,0,0,,,,
1653668582.004223,pg_toast,pg_toast_2396,0,0,0,0,0,0,0,0,0,0,0,0,0,0,,,,
1653668582.004223,pg_toast,pg_toast_3466,0,0,0,0,0,0,0,0,0,0,0,0,0,0,,,,
1653668582.004223,pg_toast,pg_toast_18197,1,0,0,0,0,0,0,0,0,0,0,0,1,0,,,,
1653668582.004223,pg_catalog,pg_range,0,0,2890,0,0,0,0,0,0,0,0,0,3232,2548,,,,
1653668582.004223,pg_catalog,pg_ts_config,0,0,7980,7980,0,0,0,0,0,0,632,7348,2658,9312,,,,
1653668582.004223,pg_toast,pg_toast_6100,0,0,0,0,0,0,0,0,0,0,0,0,0,0,,,,
1653668582.004223,pg_catalog,pg_sequence,0,0,81,81,15,0,14,0,1,14,65,45,130,49,,,,
1653668582.004223,pg_catalog,pg_inherits,0,0,894,0,0,0,0,0,0,0,0,0,118,1670,,,,
1653668582.004223,pg_catalog,pg_foreign_server,0,0,0,0,0,0,0,0,0,0,0,0,0,0,0,0,0,0
1653668582.004223,pg_catalog,pg_database,962,3200,29773,29771,1,0,0,0,1,0,712,30025,4094,45030,0,0,0,0
1653668582.004223,pg_toast,pg_toast_18182,1,0,0,0,0,0,0,0,0,0,0,0,1,0,,,,
1653668582.004223,pg_catalog,pg_enum,0,0,0,0,0,0,0,0,0,0,0,0,0,0,,,,
1653668582.004223,information_schema,sql_sizing,0,0,,,0,0,0,0,0,0,0,0,,,0,0,0,0
1653668582.004223,pg_catalog,pg_conversion,0,0,0,0,0,0,0,0,0,0,0,0,0,0,,,,
1653668582.004223,pg_catalog,pg_default_acl,0,0,592,0,0,0,0,0,0,0,0,0,117,1067,0,0,0,0
1653668582.004223,pg_catalog,pg_attrdef,0,0,0,0,0,0,0,0,0,0,0,0,0,0,0,0,0,0
1653668582.004223,pg_toast,pg_toast_2620,0,0,0,0,0,0,0,0,0,0,0,0,0,0,,,,
1653668582.004223,pg_catalog,pg_amproc,238,833,50155,125261,0,0,0,0,0,0,2206,48924,3712,108022,,,,
1653668582.004223,pg_catalog,pg_constraint,0,0,1128,1016,112,0,104,0,115,32,407,1116,717,2289,0,0,0,0
1653668582.004223,pg_catalog,pg_proc,0,0,59381,83368,0,0,0,0,0,0,11544,53849,10858,120489,0,0,0,0
1653668582.004223,pg_toast,pg_toast_1418,0,0,0,0,0,0,0,0,0,0,0,0,0,0,,,,
1653668582.004223,pg_catalog,pg_trigger,0,0,0,0,0,0,0,0,0,0,0,0,0,0,0,0,0,0
1653668582.004223,pg_catalog,pg_language,0,0,0,0,0,0,0,0,0,0,0,0,0,0,0,0,0,0
1653668582.004223,pg_toast,pg_toast_2328,0,0,0,0,0,0,0,0,0,0,0,0,0,0,,,,
1653668582.004223,pg_toast,pg_toast_14522,0,0,0,0,0,0,0,0,0,0,0,0,0,0,,,,
1653668582.004223,pg_toast,pg_toast_3596,0,0,0,0,0,0,0,0,0,0,0,0,0,0,,,,
1653668582.004223,public,orders,10,90030000,3352526,84519,15015000,0,0,0,15013685,0,2270528,3981741,2873198,7355890,0,0,1,0
1653668582.004223,pg_toast,pg_toast_1255,0,0,0,0,0,0,0,0,0,0,0,0,0,0,,,,
1653668582.004223,pg_catalog,pg_collation,0,0,95,95,0,0,0,0,0,0,69,26,207,78,0,0,0,0
1653668582.004223,pg_catalog,pg_extension,0,0,0,0,0,0,0,0,0,0,0,0,30,0,0,0,0,0
1653668582.004223,pg_catalog,pg_subscription,0,0,0,0,0,0,0,0,0,0,0,0,0,0,0,0,0,0
1653668582.004223,information_schema,sql_implementation_info,0,0,,,0,0,0,0,0,0,0,0,,,0,0,0,0
1653668582.004223,pg_toast,pg_toast_2606,0,0,0,0,0,0,0,0,0,0,0,0,0,0,,,,
1653668582.004223,pg_catalog,pg_policy,0,0,0,0,0,0,0,0,0,0,0,0,0,0,0,0,0,0
1653668582.004223,public,region,6215,31075,6,0,5,0,0,0,5,0,9,6222,5,4,,,,
1653668582.004223,pg_catalog,pg_event_trigger,0,0,978,0,0,0,0,0,0,0,0,0,120,858,0,0,0,0
1653668582.004223,pg_catalog,pg_shseclabel,0,0,0,0,0,0,0,0,0,0,0,0,0,0,0,0,0,0
1653668582.004223,pg_catalog,pg_ts_template,0,0,0,0,0,0,0,0,0,0,0,0,0,0,,,,
1653668582.004223,public,part,14,14000000,164792,204898,2000000,0,0,0,1999945,0,546683,225068,20202,474572,0,0,1,0
1653668582.004223,pg_catalog,pg_largeobject_metadata,0,0,0,0,0,0,0,0,0,0,0,0,0,0,,,,
1653668582.004223,pg_toast,pg_toast_826,0,0,0,0,0,0,0,0,0,0,0,0,0,0,,,,
1653668582.004223,pg_toast,pg_toast_1213,0,0,0,0,0,0,0,0,0,0,0,0,0,0,,,,
1653668582.004223,pg_catalog,pg_opclass,238,238,63704,708171,0,0,0,0,0,0,2362,283385,3487,75201,,,,
1653668582.004223,pg_toast,pg_toast_18187,1,0,0,0,0,0,0,0,0,0,0,0,1,0,,,,
1653668582.004223,pg_toast,pg_toast_2618,0,0,1123,3930,0,0,0,0,0,0,1051,806,222,1678,,,,
1653668582.004223,pg_catalog,pg_foreign_table,0,0,0,0,0,0,0,0,0,0,0,0,0,0,0,0,0,0
1653668582.004223,pg_catalog,pg_class,5290,756993,279435,240923,947,185,894,174,448,67,10055,283068,7423,577902,,,,
1653668582.004223,public,partsupp,7,24000000,30319,1869334,8000000,0,0,0,7998567,0,1752705,1863520,13822,77186,0,0,1,0
1653668582.004223,pg_catalog,pg_partitioned_table,0,0,0,0,0,0,0,0,0,0,0,0,0,0,0,0,0,0
1653668582.004223,pg_toast,pg_toast_3118,0,0,0,0,0,0,0,0,0,0,0,0,0,0,,,,
1653668582.004223,pg_toast,pg_toast_3592,0,0,0,0,0,0,0,0,0,0,0,0,0,0,,,,
1653668582.004223,pg_toast,pg_toast_18177,1,0,0,0,0,0,0,0,0,0,0,0,1,0,,,,
1653668582.004223,pg_toast,pg_toast_3350,0,0,0,0,0,0,0,0,0,0,0,0,0,0,,,,
1653668582.004223,pg_catalog,pg_opfamily,0,0,0,0,0,0,0,0,0,0,0,0,0,0,,,,
1653668582.004223,pg_toast,pg_toast_6000,0,0,0,0,0,0,0,0,0,0,0,0,0,0,,,,
1653668582.004223,pg_catalog,pg_ts_parser,0,0,0,0,0,0,0,0,0,0,0,0,0,0,,,,
1653668582.004223,pg_toast,pg_toast_14517,0,0,0,0,0,0,0,0,0,0,0,0,0,0,,,,
1653668582.004223,pg_catalog,pg_publication,1350,0,0,0,0,0,0,0,0,0,0,0,0,0,,,,
1653668582.004223,pg_toast,pg_toast_14527,0,0,0,0,0,0,0,0,0,0,0,0,0,0,,,,
1653668582.004223,pg_catalog,pg_statistic_ext_data,0,0,0,0,0,0,0,0,0,0,0,0,0,0,0,0,0,0
1653668582.004223,pg_catalog,pg_statistic,0,0,41799,32212,927,1744,864,1011,469,28,6616,33115,2993,89075,629,1701,545,1494
1653668582.004223,pg_toast,pg_toast_3394,0,0,0,0,0,0,0,0,0,0,0,0,0,0,,,,
1653668582.004223,pg_catalog,pg_statistic_ext,0,0,11427,0,0,0,0,0,0,0,0,0,840,22014,0,0,0,0
1653668582.004223,pg_toast,pg_toast_1260,0,0,0,0,0,0,0,0,0,0,0,0,0,0,,,,
1653668582.004223,pg_catalog,pg_publication_rel,0,0,1350,0,0,0,0,0,0,0,0,0,724,1976,,,,
1653668582.004223,pg_catalog,pg_cast,0,0,243134,55547,0,0,0,0,0,0,1612,53935,1669,248014,,,,
1653668582.004223,public,nation,13,325,24863,24915,25,0,0,0,25,0,15,24871,11,24860,,,,
1653668582.004223,pg_toast,pg_toast_1247,0,0,0,0,0,0,0,0,0,0,0,0,0,0,,,,
1653668582.004223,pg_toast,pg_toast_2604,0,0,0,0,0,0,0,0,0,0,0,0,0,0,,,,
1653668582.004223,pg_toast,pg_toast_3429,0,0,0,0,0,0,0,0,0,0,0,0,0,0,,,,
1653668582.004223,information_schema,sql_features,0,0,,,0,0,0,0,0,0,0,0,,,0,0,0,0
1653668582.004223,pg_toast,pg_toast_18172,1,0,0,0,0,0,0,0,0,0,0,0,1,0,,,,
1653668582.004223,pg_catalog,pg_transform,0,0,0,0,0,0,0,0,0,0,0,0,0,0,,,,
1653668582.004223,pg_catalog,pg_am,22723,22723,0,0,0,0,0,0,0,0,862,21861,0,0,,,,
1653668642.000471,pg_catalog,pg_init_privs,0,0,1634,0,0,0,0,0,0,0,0,0,236,1683,0,0,0,0
1653668642.000471,pg_toast,pg_toast_3256,0,0,0,0,0,0,0,0,0,0,0,0,0,0,,,,
1653668642.000471,pg_toast,pg_toast_1417,0,0,0,0,0,0,0,0,0,0,0,0,0,0,,,,
1653668642.000471,pg_toast,pg_toast_2609,0,0,0,0,0,0,0,0,0,0,0,0,0,0,,,,
1653668642.000471,pg_catalog,pg_replication_origin,0,0,0,0,0,0,0,0,0,0,0,0,0,0,0,0,0,0
1653668642.000471,pg_toast,pg_toast_2619,0,0,1071,1835,301,0,288,0,29,14,631,1701,549,1494,,,,
1653668642.000471,pg_catalog,pg_foreign_data_wrapper,0,0,0,0,0,0,0,0,0,0,0,0,0,0,0,0,0,0
1653668642.000471,pg_toast,pg_toast_2612,0,0,0,0,0,0,0,0,0,0,0,0,0,0,,,,
1653668642.000471,pg_catalog,pg_authid,368,2282,20606,20606,0,0,0,0,0,0,834,20140,3851,37361,0,0,0,0
1653668642.000471,public,time_statistics,17,169,,,19,17,0,17,19,17,15,55,,,,,,
1653668642.000471,public,supplier,11,600000,3296226,3296182,100000,0,0,0,100000,0,115490,3210912,11929,6580838,0,0,1,0
1653668642.000471,pg_catalog,pg_subscription_rel,369,0,0,0,0,0,0,0,0,0,0,0,0,0,,,,
1653668642.000471,pg_catalog,pg_shdepend,0,0,1948,313,0,0,0,0,0,0,119,194,474,2057,,,,
1653668642.000471,pg_toast,pg_toast_2615,0,0,0,0,0,0,0,0,0,0,0,0,0,0,,,,
1653668642.000471,pg_toast,pg_toast_3600,0,0,0,0,0,0,0,0,0,0,0,0,0,0,,,,
1653668642.000471,pg_catalog,pg_namespace,432,6920,26554,19298,16,0,0,0,16,0,1083,19900,3322,35688,0,0,0,0
1653668642.000471,pg_catalog,pg_shdescription,0,0,0,0,0,0,0,0,0,0,0,0,0,0,0,0,0,0
1653668642.000471,pg_catalog,pg_ts_dict,0,0,0,0,0,0,0,0,0,0,0,0,0,0,0,0,0,0
1653668642.000471,public,customer,8,9000000,51,572119,1500000,0,0,0,1500092,0,416865,162946,7535,1563,0,0,1,0
1653668642.000471,pg_toast,pg_toast_18192,1,0,0,0,0,0,0,0,0,0,0,0,1,0,,,,
1653668642.000471,pg_catalog,pg_seclabel,0,0,1634,0,0,0,0,0,0,0,0,0,117,3151,0,0,0,0
1653668642.000471,pg_catalog,pg_description,0,0,1634,0,0,0,0,0,0,0,0,0,354,3199,0,0,0,0
1653668642.000471,pg_catalog,pg_ts_config_map,0,0,0,0,0,0,0,0,0,0,0,0,0,0,,,,
1653668642.000471,pg_catalog,pg_tablespace,2,4,4869,4869,0,0,0,0,0,0,1052,3819,2147,7675,0,0,0,0
1653668642.000471,information_schema,sql_parts,0,0,,,0,0,0,0,0,0,0,0,,,0,0,0,0
1653668642.000471,pg_catalog,pg_depend,0,0,14892,16101,2855,0,2731,0,8929,845,2029,17982,2800,40734,,,,
1653668642.000471,pg_catalog,pg_db_role_setting,0,0,39048,0,0,0,0,0,0,0,0,0,858,77238,0,0,0,0
1653668642.000471,pg_catalog,pg_user_mapping,0,0,0,0,0,0,0,0,0,0,0,0,0,0,0,0,0,0
1653668642.000471,pg_catalog,pg_largeobject,0,0,0,0,0,0,0,0,0,0,0,0,0,0,,,,
1653668642.000471,pg_toast,pg_toast_3456,0,0,0,0,0,0,0,0,0,0,0,0,0,0,,,,
1653668642.000471,pg_catalog,pg_auth_members,0,0,0,0,0,0,0,0,0,0,0,0,0,0,,,,
1653668642.000471,public,lineitem,20,720011475,2918766,3901154,60045669,0,0,0,60044916,0,19697680,5354959,1328398,13039059,0,0,1,0
1653668642.000471,pg_catalog,pg_operator,0,0,45461,212074,0,0,0,0,0,0,10888,141157,7914,94831,,,,
1653668642.000471,pg_catalog,pg_index,1745,166110,105954,138414,561,112,525,90,191,55,5755,131431,3893,120462,,,,
1653668642.000471,pg_catalog,pg_attribute,1309,6188,311771,750168,4221,0,3974,0,3216,279,18713,328552,6529,648769,,,,
1653668642.000471,pg_catalog,pg_aggregate,0,0,4706,4706,0,0,0,0,0,0,784,3922,1587,6875,0,0,0,0
1653668642.000471,pg_toast,pg_toast_14532,0,0,0,0,0,0,0,0,0,0,0,0,0,0,,,,
1653668642.000471,pg_toast,pg_toast_2964,0,0,0,0,0,0,0,0,0,0,0,0,0,0,,,,
1653668642.000471,pg_catalog,pg_rewrite,0,0,1926,1726,95,0,94,0,139,17,929,1337,507,2814,1058,808,222,1686
1653668642.000471,pg_toast,pg_toast_1262,0,0,0,0,0,0,0,0,0,0,0,0,0,0,,,,
1653668642.000471,pg_toast,pg_toast_2600,0,0,0,0,0,0,0,0,0,0,0,0,0,0,,,,
1653668642.000471,pg_toast,pg_toast_3079,0,0,0,0,0,0,0,0,0,0,0,0,0,0,,,,
1653668642.000471,pg_catalog,pg_type,0,0,152773,150810,562,0,542,0,619,2,3616,149624,4618,314387,0,0,0,0
1653668642.000471,pg_catalog,pg_amop,0,0,70679,153072,0,0,0,0,0,0,6124,120339,6631,145441,,,,
1653668642.000471,pg_toast,pg_toast_3381,0,0,0,0,0,0,0,0,0,0,0,0,0,0,,,,
1653668642.000471,pg_toast,pg_toast_2396,0,0,0,0,0,0,0,0,0,0,0,0,0,0,,,,
1653668642.000471,pg_toast,pg_toast_3466,0,0,0,0,0,0,0,0,0,0,0,0,0,0,,,,
1653668642.000471,pg_toast,pg_toast_18197,1,0,0,0,0,0,0,0,0,0,0,0,1,0,,,,
1653668642.000471,pg_catalog,pg_range,0,0,2902,0,0,0,0,0,0,0,0,0,3252,2552,,,,
1653668642.000471,pg_catalog,pg_ts_config,0,0,8036,8036,0,0,0,0,0,0,636,7400,2678,9376,,,,
1653668642.000471,pg_toast,pg_toast_6100,0,0,0,0,0,0,0,0,0,0,0,0,0,0,,,,
1653668642.000471,pg_catalog,pg_sequence,0,0,81,81,15,0,14,0,1,14,65,45,130,49,,,,
1653668642.000471,pg_catalog,pg_inherits,0,0,894,0,0,0,0,0,0,0,0,0,118,1670,,,,
1653668642.000471,pg_catalog,pg_foreign_server,0,0,0,0,0,0,0,0,0,0,0,0,0,0,0,0,0,0
1653668642.000471,pg_catalog,pg_database,965,3212,29900,29898,1,0,0,0,1,0,717,30150,4114,45219,0,0,0,0
1653668642.000471,pg_toast,pg_toast_18182,1,0,0,0,0,0,0,0,0,0,0,0,1,0,,,,
1653668642.000471,pg_catalog,pg_enum,0,0,0,0,0,0,0,0,0,0,0,0,0,0,,,,
1653668642.000471,information_schema,sql_sizing,0,0,,,0,0,0,0,0,0,0,0,,,0,0,0,0
1653668642.000471,pg_catalog,pg_conversion,0,0,0,0,0,0,0,0,0,0,0,0,0,0,,,,
1653668642.000471,pg_catalog,pg_default_acl,0,0,592,0,0,0,0,0,0,0,0,0,117,1067,0,0,0,0
1653668642.000471,pg_catalog,pg_attrdef,0,0,0,0,0,0,0,0,0,0,0,0,0,0,0,0,0,0
1653668642.000471,pg_toast,pg_toast_2620,0,0,0,0,0,0,0,0,0,0,0,0,0,0,,,,
1653668642.000471,pg_catalog,pg_amproc,238,833,50344,125714,0,0,0,0,0,0,2215,49104,3731,108435,,,,
1653668642.000471,pg_catalog,pg_constraint,0,0,1132,1020,112,0,104,0,115,32,410,1117,723,2290,0,0,0,0
1653668642.000471,pg_catalog,pg_proc,0,0,59585,83625,0,0,0,0,0,0,11605,54011,10914,120888,0,0,0,0
1653668642.000471,pg_toast,pg_toast_1418,0,0,0,0,0,0,0,0,0,0,0,0,0,0,,,,
1653668642.000471,pg_catalog,pg_trigger,0,0,0,0,0,0,0,0,0,0,0,0,0,0,0,0,0,0
1653668642.000471,pg_catalog,pg_language,0,0,0,0,0,0,0,0,0,0,0,0,0,0,0,0,0,0
1653668642.000471,pg_toast,pg_toast_2328,0,0,0,0,0,0,0,0,0,0,0,0,0,0,,,,
1653668642.000471,pg_toast,pg_toast_14522,0,0,0,0,0,0,0,0,0,0,0,0,0,0,,,,
1653668642.000471,pg_toast,pg_toast_3596,0,0,0,0,0,0,0,0,0,0,0,0,0,0,,,,
1653668642.000471,public,orders,16,120060000,5043223,15099523,15015000,0,0,0,15013685,0,16910413,4934713,2901679,12399518,0,0,1,0
1653668642.000471,pg_toast,pg_toast_1255,0,0,0,0,0,0,0,0,0,0,0,0,0,0,,,,
1653668642.000471,pg_catalog,pg_collation,0,0,95,95,0,0,0,0,0,0,69,26,207,78,0,0,0,0
1653668642.000471,pg_catalog,pg_extension,0,0,0,0,0,0,0,0,0,0,0,0,30,0,0,0,0,0
1653668642.000471,pg_catalog,pg_subscription,0,0,0,0,0,0,0,0,0,0,0,0,0,0,0,0,0,0
1653668642.000471,information_schema,sql_implementation_info,0,0,,,0,0,0,0,0,0,0,0,,,0,0,0,0
1653668642.000471,pg_toast,pg_toast_2606,0,0,0,0,0,0,0,0,0,0,0,0,0,0,,,,
1653668642.000471,pg_catalog,pg_policy,0,0,0,0,0,0,0,0,0,0,0,0,0,0,0,0,0,0
1653668642.000471,public,region,6215,31075,6,0,5,0,0,0,5,0,9,6222,5,4,,,,
1653668642.000471,pg_catalog,pg_event_trigger,0,0,978,0,0,0,0,0,0,0,0,0,120,858,0,0,0,0
1653668642.000471,pg_catalog,pg_shseclabel,0,0,0,0,0,0,0,0,0,0,0,0,0,0,0,0,0,0
1653668642.000471,pg_catalog,pg_ts_template,0,0,0,0,0,0,0,0,0,0,0,0,0,0,,,,
1653668642.000471,public,part,14,14000000,164818,204898,2000000,0,0,0,1999945,0,546685,225354,22462,474583,0,0,1,0
1653668642.000471,pg_catalog,pg_largeobject_metadata,0,0,0,0,0,0,0,0,0,0,0,0,0,0,,,,
1653668642.000471,pg_toast,pg_toast_826,0,0,0,0,0,0,0,0,0,0,0,0,0,0,,,,
1653668642.000471,pg_toast,pg_toast_1213,0,0,0,0,0,0,0,0,0,0,0,0,0,0,,,,
1653668642.000471,pg_catalog,pg_opclass,238,238,63902,709949,0,0,0,0,0,0,2374,284133,3506,75442,,,,
1653668642.000471,pg_toast,pg_toast_18187,1,0,0,0,0,0,0,0,0,0,0,0,1,0,,,,
1653668642.000471,pg_toast,pg_toast_2618,0,0,1128,3948,0,0,0,0,0,0,1058,808,222,1686,,,,
1653668642.000471,pg_catalog,pg_foreign_table,0,0,0,0,0,0,0,0,0,0,0,0,0,0,0,0,0,0
1653668642.000471,pg_catalog,pg_class,5313,760635,280573,241907,947,185,894,174,448,67,10106,284206,7460,580218,,,,
1653668642.000471,public,partsupp,7,24000000,38440,2517974,8000000,0,0,0,7998567,0,2285824,1979639,39818,95258,0,0,1,0
1653668642.000471,pg_catalog,pg_partitioned_table,0,0,0,0,0,0,0,0,0,0,0,0,0,0,0,0,0,0
1653668642.000471,pg_toast,pg_toast_3118,0,0,0,0,0,0,0,0,0,0,0,0,0,0,,,,
1653668642.000471,pg_toast,pg_toast_3592,0,0,0,0,0,0,0,0,0,0,0,0,0,0,,,,
1653668642.000471,pg_toast,pg_toast_18177,1,0,0,0,0,0,0,0,0,0,0,0,1,0,,,,
1653668642.000471,pg_toast,pg_toast_3350,0,0,0,0,0,0,0,0,0,0,0,0,0,0,,,,
1653668642.000471,pg_catalog,pg_opfamily,0,0,0,0,0,0,0,0,0,0,0,0,0,0,,,,
1653668642.000471,pg_toast,pg_toast_6000,0,0,0,0,0,0,0,0,0,0,0,0,0,0,,,,
1653668642.000471,pg_catalog,pg_ts_parser,0,0,0,0,0,0,0,0,0,0,0,0,0,0,,,,
1653668642.000471,pg_toast,pg_toast_14517,0,0,0,0,0,0,0,0,0,0,0,0,0,0,,,,
1653668642.000471,pg_catalog,pg_publication,1356,0,0,0,0,0,0,0,0,0,0,0,0,0,,,,
1653668642.000471,pg_toast,pg_toast_14527,0,0,0,0,0,0,0,0,0,0,0,0,0,0,,,,
1653668642.000471,pg_catalog,pg_statistic_ext_data,0,0,0,0,0,0,0,0,0,0,0,0,0,0,0,0,0,0
1653668642.000471,pg_catalog,pg_statistic,0,0,41885,32280,927,1744,864,1011,469,28,6647,33155,3007,89251,631,1701,549,1494
1653668642.000471,pg_toast,pg_toast_3394,0,0,0,0,0,0,0,0,0,0,0,0,0,0,,,,
1653668642.000471,pg_catalog,pg_statistic_ext,0,0,11455,0,0,0,0,0,0,0,0,0,844,22066,0,0,0,0
1653668642.000471,pg_toast,pg_toast_1260,0,0,0,0,0,0,0,0,0,0,0,0,0,0,,,,
1653668642.000471,pg_catalog,pg_publication_rel,0,0,1356,0,0,0,0,0,0,0,0,0,729,1983,,,,
1653668642.000471,pg_catalog,pg_cast,0,0,243771,55687,0,0,0,0,0,0,1620,54067,1677,248664,,,,
1653668642.000471,public,nation,17,425,24867,24915,25,0,0,0,25,0,17,24877,13,24863,,,,
1653668642.000471,pg_toast,pg_toast_1247,0,0,0,0,0,0,0,0,0,0,0,0,0,0,,,,
1653668642.000471,pg_toast,pg_toast_2604,0,0,0,0,0,0,0,0,0,0,0,0,0,0,,,,
1653668642.000471,pg_toast,pg_toast_3429,0,0,0,0,0,0,0,0,0,0,0,0,0,0,,,,
1653668642.000471,information_schema,sql_features,0,0,,,0,0,0,0,0,0,0,0,,,0,0,0,0
1653668642.000471,pg_toast,pg_toast_18172,1,0,0,0,0,0,0,0,0,0,0,0,1,0,,,,
1653668642.000471,pg_catalog,pg_transform,0,0,0,0,0,0,0,0,0,0,0,0,0,0,,,,
1653668642.000471,pg_catalog,pg_am,22814,22814,0,0,0,0,0,0,0,0,867,21947,0,0,,,,
1653668702.029573,pg_catalog,pg_init_privs,0,0,1638,0,0,0,0,0,0,0,0,0,238,1686,0,0,0,0
1653668702.029573,pg_toast,pg_toast_3256,0,0,0,0,0,0,0,0,0,0,0,0,0,0,,,,
1653668702.029573,pg_toast,pg_toast_1417,0,0,0,0,0,0,0,0,0,0,0,0,0,0,,,,
1653668702.029573,pg_toast,pg_toast_2609,0,0,0,0,0,0,0,0,0,0,0,0,0,0,,,,
1653668702.029573,pg_catalog,pg_replication_origin,0,0,0,0,0,0,0,0,0,0,0,0,0,0,0,0,0,0
1653668702.029573,pg_toast,pg_toast_2619,0,0,1074,1841,301,0,288,0,29,14,633,1702,551,1497,,,,
1653668702.029573,pg_catalog,pg_foreign_data_wrapper,0,0,0,0,0,0,0,0,0,0,0,0,0,0,0,0,0,0
1653668702.029573,pg_toast,pg_toast_2612,0,0,0,0,0,0,0,0,0,0,0,0,0,0,,,,
1653668702.029573,pg_catalog,pg_authid,369,2294,20662,20662,0,0,0,0,0,0,835,20196,3855,37469,0,0,0,0
1653668702.029573,public,time_statistics,21,251,,,23,21,0,21,23,21,16,70,,,,,,
1653668702.029573,public,supplier,11,600000,3296227,3296183,100000,0,0,0,100000,0,115491,3210912,11934,6580838,0,0,1,0
1653668702.029573,pg_catalog,pg_subscription_rel,370,0,0,0,0,0,0,0,0,0,0,0,0,0,,,,
1653668702.029573,pg_catalog,pg_shdepend,0,0,1953,314,0,0,0,0,0,0,120,194,478,2060,,,,
1653668702.029573,pg_toast,pg_toast_2615,0,0,0,0,0,0,0,0,0,0,0,0,0,0,,,,
1653668702.029573,pg_toast,pg_toast_3600,0,0,0,0,0,0,0,0,0,0,0,0,0,0,,,,
1653668702.029573,pg_catalog,pg_namespace,434,6960,26626,19353,16,0,0,0,16,0,1085,19961,3326,35796,0,0,0,0
1653668702.029573,pg_catalog,pg_shdescription,0,0,0,0,0,0,0,0,0,0,0,0,0,0,0,0,0,0
1653668702.029573,pg_catalog,pg_ts_dict,0,0,0,0,0,0,0,0,0,0,0,0,0,0,0,0,0,0
1653668702.029573,public,customer,11,10500000,55,572119,1500000,0,0,0,1500092,0,452726,162949,7545,1570,0,0,1,0
1653668702.029573,pg_toast,pg_toast_18192,1,0,0,0,0,0,0,0,0,0,0,0,1,0,,,,
1653668702.029573,pg_catalog,pg_seclabel,0,0,1638,0,0,0,0,0,0,0,0,0,118,3158,0,0,0,0
1653668702.029573,pg_catalog,pg_description,0,0,1638,0,0,0,0,0,0,0,0,0,357,3205,0,0,0,0
1653668702.029573,pg_catalog,pg_ts_config_map,0,0,0,0,0,0,0,0,0,0,0,0,0,0,,,,
1653668702.029573,pg_catalog,pg_tablespace,2,4,4884,4884,0,0,0,0,0,0,1053,3833,2149,7703,0,0,0,0
1653668702.029573,information_schema,sql_parts,0,0,,,0,0,0,0,0,0,0,0,,,0,0,0,0
1653668702.029573,pg_catalog,pg_depend,0,0,14937,16154,2864,0,2740,0,8929,854,2046,18023,2822,40840,,,,
1653668702.029573,pg_catalog,pg_db_role_setting,0,0,39148,0,0,0,0,0,0,0,0,0,859,77437,0,0,0,0
1653668702.029573,pg_catalog,pg_user_mapping,0,0,0,0,0,0,0,0,0,0,0,0,0,0,0,0,0,0
1653668702.029573,pg_catalog,pg_largeobject,0,0,0,0,0,0,0,0,0,0,0,0,0,0,,,,
1653668702.029573,pg_toast,pg_toast_3456,0,0,0,0,0,0,0,0,0,0,0,0,0,0,,,,
1653668702.029573,pg_catalog,pg_auth_members,0,0,0,0,0,0,0,0,0,0,0,0,0,0,,,,
1653668702.029573,public,lineitem,32,960194151,2928272,3921561,60045669,0,0,0,60044916,0,24341499,5355631,1335175,13071703,0,0,1,0
1653668702.029573,pg_catalog,pg_operator,0,0,45575,212772,0,0,0,0,0,0,10902,141632,7923,95085,,,,
1653668702.029573,pg_catalog,pg_index,1750,167065,106205,138725,561,112,525,90,191,55,5763,131763,3897,120757,,,,
1653668702.029573,pg_catalog,pg_attribute,1309,6188,312559,752359,4223,0,3976,0,3216,281,18761,329301,6542,650386,,,,
1653668702.029573,pg_catalog,pg_aggregate,0,0,4728,4728,0,0,0,0,0,0,785,3943,1589,6910,0,0,0,0
1653668702.029573,pg_toast,pg_toast_14532,0,0,0,0,0,0,0,0,0,0,0,0,0,0,,,,
1653668702.029573,pg_toast,pg_toast_2964,0,0,0,0,0,0,0,0,0,0,0,0,0,0,,,,
1653668702.029573,pg_catalog,pg_rewrite,0,0,1939,1736,96,0,95,0,139,18,938,1344,511,2832,1066,810,224,1694
1653668702.029573,pg_toast,pg_toast_1262,0,0,0,0,0,0,0,0,0,0,0,0,0,0,,,,
1653668702.029573,pg_toast,pg_toast_2600,0,0,0,0,0,0,0,0,0,0,0,0,0,0,,,,
1653668702.029573,pg_toast,pg_toast_3079,0,0,0,0,0,0,0,0,0,0,0,0,0,0,,,,
1653668702.029573,pg_catalog,pg_type,0,0,153265,151297,564,0,544,0,619,4,3625,150111,4626,315403,0,0,0,0
1653668702.029573,pg_catalog,pg_amop,0,0,70837,153445,0,0,0,0,0,0,6131,120630,6639,145782,,,,
1653668702.029573,pg_toast,pg_toast_3381,0,0,0,0,0,0,0,0,0,0,0,0,0,0,,,,
1653668702.029573,pg_toast,pg_toast_2396,0,0,0,0,0,0,0,0,0,0,0,0,0,0,,,,
1653668702.029573,pg_toast,pg_toast_3466,0,0,0,0,0,0,0,0,0,0,0,0,0,0,,,,
1653668702.029573,pg_toast,pg_toast_18197,1,0,0,0,0,0,0,0,0,0,0,0,1,0,,,,
1653668702.029573,pg_catalog,pg_range,0,0,2910,0,0,0,0,0,0,0,0,0,3256,2564,,,,
1653668702.029573,pg_catalog,pg_ts_config,0,0,8076,8076,0,0,0,0,0,0,637,7439,2682,9432,,,,
1653668702.029573,pg_toast,pg_toast_6100,0,0,0,0,0,0,0,0,0,0,0,0,0,0,,,,
1653668702.029573,pg_catalog,pg_sequence,0,0,81,81,15,0,14,0,1,14,65,45,130,49,,,,
1653668702.029573,pg_catalog,pg_inherits,0,0,895,0,0,0,0,0,0,0,0,0,119,1671,,,,
1653668702.029573,pg_catalog,pg_foreign_server,0,0,0,0,0,0,0,0,0,0,0,0,0,0,0,0,0,0
1653668702.029573,pg_catalog,pg_database,969,3228,29979,29977,1,0,0,0,1,0,718,30232,4118,45344,0,0,0,0
1653668702.029573,pg_toast,pg_toast_18182,1,0,0,0,0,0,0,0,0,0,0,0,1,0,,,,
1653668702.029573,pg_catalog,pg_enum,0,0,0,0,0,0,0,0,0,0,0,0,0,0,,,,
1653668702.029573,information_schema,sql_sizing,0,0,,,0,0,0,0,0,0,0,0,,,0,0,0,0
1653668702.029573,pg_catalog,pg_conversion,0,0,0,0,0,0,0,0,0,0,0,0,0,0,,,,
1653668702.029573,pg_catalog,pg_default_acl,0,0,594,0,0,0,0,0,0,0,0,0,118,1070,0,0,0,0
1653668702.029573,pg_catalog,pg_attrdef,0,0,0,0,0,0,0,0,0,0,0,0,0,0,0,0,0,0
1653668702.029573,pg_toast,pg_toast_2620,0,0,0,0,0,0,0,0,0,0,0,0,0,0,,,,
1653668702.029573,pg_catalog,pg_amproc,238,833,50466,125997,0,0,0,0,0,0,2218,49223,3735,108710,,,,
1653668702.029573,pg_catalog,pg_constraint,0,0,1136,1024,112,0,104,0,115,32,413,1118,725,2295,0,0,0,0
1653668702.029573,pg_catalog,pg_proc,0,0,59791,83911,0,0,0,0,0,0,11633,54210,10933,121321,0,0,0,0
1653668702.029573,pg_toast,pg_toast_1418,0,0,0,0,0,0,0,0,0,0,0,0,0,0,,,,
1653668702.029573,pg_catalog,pg_trigger,0,0,0,0,0,0,0,0,0,0,0,0,0,0,0,0,0,0
1653668702.029573,pg_catalog,pg_language,0,0,0,0,0,0,0,0,0,0,0,0,0,0,0,0,0,0
1653668702.029573,pg_toast,pg_toast_2328,0,0,0,0,0,0,0,0,0,0,0,0,0,0,,,,
1653668702.029573,pg_toast,pg_toast_14522,0,0,0,0,0,0,0,0,0,0,0,0,0,0,,,,
1653668702.029573,pg_toast,pg_toast_3596,0,0,0,0,0,0,0,0,0,0,0,0,0,0,,,,
1653668702.029573,public,orders,19,135075000,5043229,15099524,15015000,0,0,0,15013685,0,17178735,4934718,2901693,12399526,0,0,1,0
1653668702.029573,pg_toast,pg_toast_1255,0,0,0,0,0,0,0,0,0,0,0,0,0,0,,,,
1653668702.029573,pg_catalog,pg_collation,0,0,95,95,0,0,0,0,0,0,69,26,207,78,0,0,0,0
1653668702.029573,pg_catalog,pg_extension,0,0,0,0,0,0,0,0,0,0,0,0,30,0,0,0,0,0
1653668702.029573,pg_catalog,pg_subscription,0,0,0,0,0,0,0,0,0,0,0,0,0,0,0,0,0,0
1653668702.029573,information_schema,sql_implementation_info,0,0,,,0,0,0,0,0,0,0,0,,,0,0,0,0
1653668702.029573,pg_toast,pg_toast_2606,0,0,0,0,0,0,0,0,0,0,0,0,0,0,,,,
1653668702.029573,pg_catalog,pg_policy,0,0,0,0,0,0,0,0,0,0,0,0,0,0,0,0,0,0
1653668702.029573,public,region,6215,31075,6,0,5,0,0,0,5,0,9,6222,5,4,,,,
1653668702.029573,pg_catalog,pg_event_trigger,0,0,979,0,0,0,0,0,0,0,0,0,121,858,0,0,0,0
1653668702.029573,pg_catalog,pg_shseclabel,0,0,0,0,0,0,0,0,0,0,0,0,0,0,0,0,0,0
1653668702.029573,pg_catalog,pg_ts_template,0,0,0,0,0,0,0,0,0,0,0,0,0,0,,,,
1653668702.029573,public,part,14,14000000,164832,228860,2000000,0,0,0,1999945,0,564854,225354,22631,474613,0,0,1,0
1653668702.029573,pg_catalog,pg_largeobject_metadata,0,0,0,0,0,0,0,0,0,0,0,0,0,0,,,,
1653668702.029573,pg_toast,pg_toast_826,0,0,0,0,0,0,0,0,0,0,0,0,0,0,,,,
1653668702.029573,pg_toast,pg_toast_1213,0,0,0,0,0,0,0,0,0,0,0,0,0,0,,,,
1653668702.029573,pg_catalog,pg_opclass,238,238,64036,711291,0,0,0,0,0,0,2377,284687,3510,75615,,,,
1653668702.029573,pg_toast,pg_toast_18187,1,0,0,0,0,0,0,0,0,0,0,0,1,0,,,,
1653668702.029573,pg_toast,pg_toast_2618,0,0,1134,3969,0,0,0,0,0,0,1066,810,224,1694,,,,
1653668702.029573,pg_catalog,pg_foreign_table,0,0,0,0,0,0,0,0,0,0,0,0,0,0,0,0,0,0
1653668702.029573,pg_catalog,pg_class,5333,764721,281530,242717,948,186,895,175,448,67,10123,285208,7473,582182,,,,
1653668702.029573,public,partsupp,7,24000000,38440,2517974,8000000,0,0,0,7998567,0,2285824,1979639,39818,95258,0,0,1,0
1653668702.029573,pg_catalog,pg_partitioned_table,0,0,0,0,0,0,0,0,0,0,0,0,0,0,0,0,0,0
1653668702.029573,pg_toast,pg_toast_3118,0,0,0,0,0,0,0,0,0,0,0,0,0,0,,,,
1653668702.029573,pg_toast,pg_toast_3592,0,0,0,0,0,0,0,0,0,0,0,0,0,0,,,,
1653668702.029573,pg_toast,pg_toast_18177,1,0,0,0,0,0,0,0,0,0,0,0,1,0,,,,
1653668702.029573,pg_toast,pg_toast_3350,0,0,0,0,0,0,0,0,0,0,0,0,0,0,,,,
1653668702.029573,pg_catalog,pg_opfamily,0,0,0,0,0,0,0,0,0,0,0,0,0,0,,,,
1653668702.029573,pg_toast,pg_toast_6000,0,0,0,0,0,0,0,0,0,0,0,0,0,0,,,,
1653668702.029573,pg_catalog,pg_ts_parser,0,0,0,0,0,0,0,0,0,0,0,0,0,0,,,,
1653668702.029573,pg_toast,pg_toast_14517,0,0,0,0,0,0,0,0,0,0,0,0,0,0,,,,
1653668702.029573,pg_catalog,pg_publication,1360,0,0,0,0,0,0,0,0,0,0,0,0,0,,,,
1653668702.029573,pg_toast,pg_toast_14527,0,0,0,0,0,0,0,0,0,0,0,0,0,0,,,,
1653668702.029573,pg_catalog,pg_statistic_ext_data,0,0,0,0,0,0,0,0,0,0,0,0,0,0,0,0,0,0
1653668702.029573,pg_catalog,pg_statistic,0,0,41972,32354,927,1744,864,1011,469,28,6664,33213,3012,89435,633,1702,551,1497
1653668702.029573,pg_toast,pg_toast_3394,0,0,0,0,0,0,0,0,0,0,0,0,0,0,,,,
1653668702.029573,pg_catalog,pg_statistic_ext,0,0,11478,0,0,0,0,0,0,0,0,0,845,22111,0,0,0,0
1653668702.029573,pg_toast,pg_toast_1260,0,0,0,0,0,0,0,0,0,0,0,0,0,0,,,,
1653668702.029573,pg_catalog,pg_publication_rel,0,0,1360,0,0,0,0,0,0,0,0,0,730,1990,,,,
1653668702.029573,pg_catalog,pg_cast,0,0,244353,55812,0,0,0,0,0,0,1622,54190,1679,249261,,,,
1653668702.029573,public,nation,20,500,24869,24915,25,0,0,0,25,0,19,24880,15,24864,,,,
1653668702.029573,pg_toast,pg_toast_1247,0,0,0,0,0,0,0,0,0,0,0,0,0,0,,,,
1653668702.029573,pg_toast,pg_toast_2604,0,0,0,0,0,0,0,0,0,0,0,0,0,0,,,,
1653668702.029573,pg_toast,pg_toast_3429,0,0,0,0,0,0,0,0,0,0,0,0,0,0,,,,
1653668702.029573,information_schema,sql_features,0,0,,,0,0,0,0,0,0,0,0,,,0,0,0,0
1653668702.029573,pg_toast,pg_toast_18172,1,0,0,0,0,0,0,0,0,0,0,0,1,0,,,,
1653668702.029573,pg_catalog,pg_transform,0,0,0,0,0,0,0,0,0,0,0,0,0,0,,,,
1653668702.029573,pg_catalog,pg_am,22875,22875,0,0,0,0,0,0,0,0,868,22007,0,0,,,,
