ctime,relid,schemaname,relname,heap_blks_read,heap_blks_hit,idx_blks_read,idx_blks_hit,toast_blks_read,toast_blks_hit,tidx_blks_read,tidx_blks_hit,relid,schemaname,relname,seq_scan,seq_tup_read,idx_scan,idx_tup_fetch,n_tup_ins,n_tup_upd,n_tup_del,n_tup_hot_upd,n_live_tup,n_dead_tup,n_mod_since_analyze,n_ins_since_vacuum,last_vacuum,last_autovacuum,last_analyze,last_autoanalyze,vacuum_count,autovacuum_count,analyze_count,autoanalyze_count
1719457505.906756,4268220,public,s_inventory,0,0,,,,,,,4268220,public,s_inventory,0,0,,,0,0,0,0,0,0,0,0,,,,,0,0,0,0
1719457505.906756,2619,pg_catalog,pg_statistic,199,130372,19,222189,43,5940,2,3851,2619,pg_catalog,pg_statistic,0,0,93859,77165,6497,15450,6489,10773,238,196,28436,0,,2024-06-27 03:05:04.93061+00,,,0,52,0,0
1719457505.906756,1247,pg_catalog,pg_type,65,195461,15,415952,0,0,0,0,1247,pg_catalog,pg_type,0,0,194448,190719,1402,0,1332,0,681,70,140,70,,2024-06-26 23:45:29.435435+00,2024-06-26 23:46:00.146737+00,2024-06-26 23:45:29.43971+00,0,6,18,18
1719457505.906756,2836,pg_toast,pg_toast_1255,0,0,0,0,,,,,2836,pg_toast,pg_toast_1255,0,0,0,0,0,0,0,0,0,0,0,0,,,,,0,0,0,0
1719457505.906756,4171,pg_toast,pg_toast_1247,0,0,0,0,,,,,4171,pg_toast,pg_toast_1247,0,0,0,0,0,0,0,0,0,0,0,0,,,,,0,0,0,0
1719457505.906756,2830,pg_toast,pg_toast_2604,0,0,0,0,,,,,2830,pg_toast,pg_toast_2604,0,0,0,0,0,0,0,0,0,0,0,0,,,,,0,0,0,0
1719457505.906756,2832,pg_toast,pg_toast_2606,0,0,0,0,,,,,2832,pg_toast,pg_toast_2606,0,0,0,0,0,0,0,0,0,0,0,0,,,,,0,0,0,0
1719457505.906756,4157,pg_toast,pg_toast_2612,0,0,0,0,,,,,4157,pg_toast,pg_toast_2612,0,0,0,0,0,0,0,0,0,0,0,0,,,,,0,0,0,0
1719457505.906756,4159,pg_toast,pg_toast_2600,0,0,0,0,,,,,4159,pg_toast,pg_toast_2600,0,0,0,0,0,0,0,0,0,0,0,0,,,,,0,0,0,0
1719457505.906756,2840,pg_toast,pg_toast_2619,43,5940,2,3851,,,,,2840,pg_toast,pg_toast_2619,0,0,2386,3380,952,0,952,0,13,23,1904,0,,2024-06-26 23:46:03.666895+00,,,0,15,0,0
1719457505.906756,3439,pg_toast,pg_toast_3381,0,0,0,0,,,,,3439,pg_toast,pg_toast_3381,0,0,0,0,0,0,0,0,0,0,0,0,,,,,0,0,0,0
1719457505.906756,3430,pg_toast,pg_toast_3429,0,0,0,0,,,,,3430,pg_toast,pg_toast_3429,0,0,0,0,0,0,0,0,0,0,0,0,,,,,0,0,0,0
1719457505.906756,2838,pg_toast,pg_toast_2618,15,9159,2,13763,,,,,2838,pg_toast,pg_toast_2618,0,0,7452,21781,0,0,0,0,0,0,0,0,,,,,0,0,0,0
1719457505.906756,2336,pg_toast,pg_toast_2620,0,0,0,0,,,,,2336,pg_toast,pg_toast_2620,0,0,0,0,0,0,0,0,0,0,0,0,,,,,0,0,0,0
1719457505.906756,4145,pg_toast,pg_toast_3466,0,0,0,0,,,,,4145,pg_toast,pg_toast_3466,0,0,0,0,0,0,0,0,0,0,0,0,,,,,0,0,0,0
1719457505.906756,2834,pg_toast,pg_toast_2609,0,0,0,0,,,,,2834,pg_toast,pg_toast_2609,0,0,0,0,0,0,0,0,0,0,0,0,,,,,0,0,0,0
1719457505.906756,3118,pg_catalog,pg_foreign_table,0,0,0,0,0,0,0,0,3118,pg_catalog,pg_foreign_table,0,0,0,0,0,0,0,0,0,0,0,0,,,2024-06-26 23:46:00.347095+00,,0,0,18,0
1719457505.906756,4163,pg_toast,pg_toast_2615,0,0,0,0,,,,,4163,pg_toast,pg_toast_2615,0,0,0,0,0,0,0,0,0,0,0,0,,,,,0,0,0,0
1719457505.906756,4177,pg_toast,pg_toast_1262,0,0,1,0,,,,,4177,pg_toast,pg_toast_1262,0,0,0,0,0,0,0,0,0,0,0,0,2024-06-14 00:25:46.827865+00,,,,1,0,0,0
1719457505.906756,2966,pg_toast,pg_toast_2964,0,0,1,0,,,,,2966,pg_toast,pg_toast_2964,0,0,0,0,0,0,0,0,0,0,0,0,2024-06-14 00:25:46.864051+00,,,,1,0,0,0
1719457505.906756,4185,pg_toast,pg_toast_1213,0,0,1,0,,,,,4185,pg_toast,pg_toast_1213,0,0,0,0,0,0,0,0,0,0,0,0,2024-06-14 00:25:46.828434+00,,,,1,0,0,0
1719457505.906756,4175,pg_toast,pg_toast_1260,0,0,1,0,,,,,4175,pg_toast,pg_toast_1260,0,0,0,0,0,0,0,0,0,0,0,0,2024-06-14 00:25:46.79857+00,,,,1,0,0,0
1719457505.906756,2846,pg_toast,pg_toast_2396,0,0,1,0,,,,,2846,pg_toast,pg_toast_2396,0,0,0,0,0,0,0,0,0,0,0,0,2024-06-14 00:25:46.828968+00,,,,1,0,0,0
1719457505.906756,4169,pg_toast,pg_toast_3600,0,0,0,0,,,,,4169,pg_toast,pg_toast_3600,0,0,0,0,0,0,0,0,0,0,0,0,,,,,0,0,0,0
1719457505.906756,4147,pg_toast,pg_toast_3079,0,0,0,0,,,,,4147,pg_toast,pg_toast_3079,0,0,0,0,0,0,0,0,0,0,0,0,,,,,0,0,0,0
1719457505.906756,4149,pg_toast,pg_toast_2328,0,0,0,0,,,,,4149,pg_toast,pg_toast_2328,0,0,0,0,0,0,0,0,0,0,0,0,,,,,0,0,0,0
1719457505.906756,4151,pg_toast,pg_toast_1417,0,0,0,0,,,,,4151,pg_toast,pg_toast_1417,0,0,0,0,0,0,0,0,0,0,0,0,,,,,0,0,0,0
1719457505.906756,4173,pg_toast,pg_toast_1418,0,0,0,0,,,,,4173,pg_toast,pg_toast_1418,0,0,0,0,0,0,0,0,0,0,0,0,,,,,0,0,0,0
1719457505.906756,4153,pg_toast,pg_toast_3118,0,0,0,0,,,,,4153,pg_toast,pg_toast_3118,0,0,0,0,0,0,0,0,0,0,0,0,,,,,0,0,0,0
1719457505.906756,4167,pg_toast,pg_toast_3256,0,0,0,0,,,,,4167,pg_toast,pg_toast_3256,0,0,0,0,0,0,0,0,0,0,0,0,,,,,0,0,0,0
1719457505.906756,4181,pg_toast,pg_toast_6000,0,0,1,0,,,,,4181,pg_toast,pg_toast_6000,0,0,0,0,0,0,0,0,0,0,0,0,2024-06-14 00:25:46.862752+00,,,,1,0,0,0
1719457505.906756,4143,pg_toast,pg_toast_826,0,0,0,0,,,,,4143,pg_toast,pg_toast_826,0,0,0,0,0,0,0,0,0,0,0,0,,,,,0,0,0,0
1719457505.906756,4155,pg_toast,pg_toast_3394,0,0,0,0,,,,,4155,pg_toast,pg_toast_3394,0,0,0,0,0,0,0,0,0,0,0,0,,,,,0,0,0,0
1719457505.906756,3598,pg_toast,pg_toast_3596,0,0,0,0,,,,,3598,pg_toast,pg_toast_3596,0,0,0,0,0,0,0,0,0,0,0,0,,,,,0,0,0,0
1719457505.906756,4060,pg_toast,pg_toast_3592,0,0,1,0,,,,,4060,pg_toast,pg_toast_3592,0,0,0,0,0,0,0,0,0,0,0,0,2024-06-14 00:25:46.863585+00,,,,1,0,0,0
1719457505.906756,6175,pg_toast,pg_toast_3456,0,0,0,0,,,,,6175,pg_toast,pg_toast_3456,0,0,0,0,0,0,0,0,0,0,0,0,,,,,0,0,0,0
1719457505.906756,6244,pg_toast,pg_toast_6243,0,0,1,0,,,,,6244,pg_toast,pg_toast_6243,0,0,0,0,0,0,0,0,0,0,0,0,2024-06-14 00:25:46.864161+00,,,,1,0,0,0
1719457505.906756,4165,pg_toast,pg_toast_3350,0,0,0,0,,,,,4165,pg_toast,pg_toast_3350,0,0,0,0,0,0,0,0,0,0,0,0,,,,,0,0,0,0
1719457505.906756,6228,pg_toast,pg_toast_6106,0,0,0,0,,,,,6228,pg_toast,pg_toast_6106,0,0,0,0,0,0,0,0,0,0,0,0,,,,,0,0,0,0
1719457505.906756,4183,pg_toast,pg_toast_6100,0,0,1,0,,,,,4183,pg_toast,pg_toast_6100,0,0,0,0,0,0,0,0,0,0,0,0,2024-06-14 00:25:46.862487+00,,,,1,0,0,0
1719457505.906756,1260,pg_catalog,pg_authid,15,422698,42,835514,0,0,1,0,1260,pg_catalog,pg_authid,4891,61543,417777,417777,0,0,0,0,13,0,0,0,2024-06-14 00:25:46.798184+00,,2024-06-26 23:46:00.347454+00,,1,0,19,0
1719457505.906756,3429,pg_catalog,pg_statistic_ext_data,0,0,0,0,0,0,0,0,3429,pg_catalog,pg_statistic_ext_data,0,0,0,0,0,0,0,0,0,0,0,0,,,2024-06-26 23:46:01.709287+00,,0,0,18,0
1719457505.906756,1418,pg_catalog,pg_user_mapping,0,0,0,0,0,0,0,0,1418,pg_catalog,pg_user_mapping,0,0,0,0,0,0,0,0,0,0,0,0,,,2024-06-26 23:46:02.960997+00,,0,0,18,0
1719457505.906756,6100,pg_catalog,pg_subscription,0,0,10,2344,0,0,1,0,6100,pg_catalog,pg_subscription,4285,0,0,0,0,0,0,0,0,0,0,0,2024-06-14 00:25:46.86213+00,,2024-06-26 23:46:02.961145+00,,1,0,19,0
1719457505.906756,1249,pg_catalog,pg_attribute,161,3221384,95,7041132,,,,,1249,pg_catalog,pg_attribute,1552,7494,3143353,6086929,18041,0,17223,0,3872,908,1726,919,,2024-06-26 23:45:29.508061+00,2024-06-26 23:46:02.970687+00,2024-06-26 23:45:29.518276+00,0,18,18,28
1719457505.906756,1255,pg_catalog,pg_proc,238,152711,31,269275,0,0,0,0,1255,pg_catalog,pg_proc,0,0,121676,172938,0,0,0,0,3244,0,0,0,,,2024-06-26 23:46:02.983209+00,,0,0,18,0
1719457505.906756,1259,pg_catalog,pg_class,44,37753765,16,4821389,,,,,1259,pg_catalog,pg_class,1969452,736861981,2042158,1942681,2459,1104,2413,927,456,148,183,132,,2024-06-26 23:45:29.518848+00,2024-06-26 23:46:02.985525+00,2024-06-26 23:45:56.192992+00,0,17,18,33
1719457505.906756,2604,pg_catalog,pg_attrdef,0,0,2,158,0,0,0,0,2604,pg_catalog,pg_attrdef,0,0,0,0,0,0,0,0,0,0,0,0,,,2024-06-26 23:46:02.985721+00,,0,0,18,0
1719457505.906756,2606,pg_catalog,pg_constraint,10,631,6,2368,0,0,0,0,2606,pg_catalog,pg_constraint,0,0,1663,569,0,0,0,0,111,0,0,0,,,2024-06-26 23:46:02.986497+00,,0,0,18,0
1719457505.906756,2611,pg_catalog,pg_inherits,0,0,2,5144,,,,,2611,pg_catalog,pg_inherits,160,0,2413,0,0,0,0,0,0,0,0,0,,,2024-06-26 23:46:02.986731+00,,0,0,18,0
1719457505.906756,2610,pg_catalog,pg_index,16,973434,4,1606604,,,,,2610,pg_catalog,pg_index,2710,434307,970955,1000882,1656,0,1651,0,167,90,95,91,,2024-06-26 23:45:29.549944+00,2024-06-26 23:46:02.987711+00,2024-06-26 23:45:56.196004+00,0,17,18,32
1719457505.906756,2617,pg_catalog,pg_operator,15,36469,10,70824,,,,,2617,pg_catalog,pg_operator,0,0,28274,40175,0,0,0,0,799,0,0,0,,,2024-06-26 23:46:02.989539+00,,0,0,18,0
1719457505.906756,2753,pg_catalog,pg_opfamily,9,45,0,0,,,,,2753,pg_catalog,pg_opfamily,0,0,0,0,0,0,0,0,146,0,0,0,,,2024-06-26 23:46:02.989859+00,,0,0,18,0
1719457505.906756,2616,pg_catalog,pg_opclass,7,1105302,4,1431992,,,,,2616,pg_catalog,pg_opclass,282,282,745064,1802226,0,0,0,0,177,0,0,0,,,2024-06-26 23:46:02.990364+00,,0,0,18,0
1719457505.906756,2601,pg_catalog,pg_am,2,690831,3,191,,,,,2601,pg_catalog,pg_am,690637,690637,160,160,0,0,0,0,7,0,0,0,,,2024-06-26 23:46:02.990572+00,,0,0,18,0
1719457505.906756,2602,pg_catalog,pg_amop,8,135097,9,184391,,,,,2602,pg_catalog,pg_amop,0,0,82419,165082,0,0,0,0,945,0,0,0,,,2024-06-26 23:46:02.991741+00,,0,0,18,0
1719457505.906756,2603,pg_catalog,pg_amproc,6,719846,4,2114682,,,,,2603,pg_catalog,pg_amproc,282,987,718588,2121017,0,0,0,0,696,0,0,0,,,2024-06-26 23:46:02.992447+00,,0,0,18,0
1719457505.906756,2612,pg_catalog,pg_language,5,31,0,0,0,0,0,0,2612,pg_catalog,pg_language,0,0,0,0,0,0,0,0,4,0,0,0,,,2024-06-26 23:46:02.992667+00,,0,0,18,0
1719457505.906756,2995,pg_catalog,pg_largeobject_metadata,0,0,0,0,,,,,2995,pg_catalog,pg_largeobject_metadata,0,0,0,0,0,0,0,0,0,0,0,0,,,2024-06-26 23:46:02.992781+00,,0,0,18,0
1719457505.906756,2600,pg_catalog,pg_aggregate,3,3954,2,7565,0,0,0,0,2600,pg_catalog,pg_aggregate,0,0,3903,3903,0,0,0,0,148,0,0,0,,,2024-06-26 23:46:02.993362+00,,0,0,18,0
1719457505.906756,3381,pg_catalog,pg_statistic_ext,0,0,3,41897,0,0,0,0,3381,pg_catalog,pg_statistic_ext,80,0,20830,0,0,0,0,0,0,0,0,0,,,2024-06-26 23:46:02.993493+00,,0,0,18,0
1719457505.906756,2618,pg_catalog,pg_rewrite,29,12295,2,21771,15,9159,2,13763,2618,pg_catalog,pg_rewrite,0,0,12026,12054,0,0,0,0,142,0,0,0,,,2024-06-26 23:46:02.993805+00,,0,0,18,0
1719457505.906756,2620,pg_catalog,pg_trigger,0,0,0,0,0,0,0,0,2620,pg_catalog,pg_trigger,0,0,0,0,0,0,0,0,0,0,0,0,,,2024-06-26 23:46:02.993971+00,,0,0,18,0
1719457505.906756,3466,pg_catalog,pg_event_trigger,0,0,1,2453,0,0,0,0,3466,pg_catalog,pg_event_trigger,0,0,2454,0,0,0,0,0,0,0,0,0,,,2024-06-26 23:46:02.994027+00,,0,0,18,0
1719457505.906756,2609,pg_catalog,pg_description,120,690,3,7507,0,0,0,0,2609,pg_catalog,pg_description,0,0,3745,0,0,0,0,0,5136,0,0,0,,,2024-06-26 23:46:02.997661+00,,0,0,18,0
1719457505.906756,2605,pg_catalog,pg_cast,3,76116,2,341694,,,,,2605,pg_catalog,pg_cast,0,0,328659,76059,0,0,0,0,229,0,0,0,,,2024-06-26 23:46:02.998042+00,,0,0,18,0
1719457505.906756,3501,pg_catalog,pg_enum,0,0,0,0,,,,,3501,pg_catalog,pg_enum,0,0,0,0,0,0,0,0,0,0,0,0,,,2024-06-26 23:46:02.998172+00,,0,0,18,0
1719457505.906756,2615,pg_catalog,pg_namespace,2,49693,4,92252,0,0,0,0,2615,pg_catalog,pg_namespace,1235,4291,65382,41355,0,0,0,0,4,0,0,0,,,2024-06-26 23:46:02.998281+00,,0,0,18,0
1719457505.906756,2607,pg_catalog,pg_conversion,5,49,0,0,,,,,2607,pg_catalog,pg_conversion,0,0,0,0,0,0,0,0,128,0,0,0,,,2024-06-26 23:46:02.998656+00,,0,0,18,0
1719457505.906756,2608,pg_catalog,pg_depend,50,24424,62,43289,,,,,2608,pg_catalog,pg_depend,0,0,11235,11634,4236,0,4115,0,1952,219,340,222,,2024-06-26 23:45:29.552101+00,2024-06-26 23:46:03.000905+00,2024-06-26 23:45:29.554043+00,0,7,18,18
1719457505.906756,1262,pg_catalog,pg_database,19,9660997,40,10084274,0,0,1,0,1262,pg_catalog,pg_database,1810287,8947337,7850666,7850651,4,0,3,0,5,0,0,1,2024-06-14 00:25:46.827581+00,,2024-06-26 23:46:03.001233+00,,1,0,19,0
1719457505.906756,2964,pg_catalog,pg_db_role_setting,0,0,5,17640212,0,0,1,0,2964,pg_catalog,pg_db_role_setting,3,0,8820068,0,0,0,0,0,0,0,0,0,2024-06-14 00:25:46.863801+00,,2024-06-26 23:46:03.001331+00,,1,0,19,0
1719457505.906756,1213,pg_catalog,pg_tablespace,16,135109,25,269522,0,0,1,0,1213,pg_catalog,pg_tablespace,7,14,135073,135073,0,0,0,0,2,0,0,0,2024-06-14 00:25:46.828086+00,,2024-06-26 23:46:03.001464+00,,1,0,19,0
1719457505.906756,1261,pg_catalog,pg_auth_members,10,35,2,0,,,,,1261,pg_catalog,pg_auth_members,0,0,0,0,0,0,0,0,3,0,0,0,2024-06-14 00:25:46.828438+00,,2024-06-26 23:46:03.001614+00,,1,0,19,0
1719457505.906756,1214,pg_catalog,pg_shdepend,0,0,6,7506,,,,,1214,pg_catalog,pg_shdepend,0,0,3755,0,0,0,0,0,0,0,0,0,2024-06-14 00:25:46.864603+00,,2024-06-26 23:46:03.001754+00,,1,0,19,0
1719457505.906756,2396,pg_catalog,pg_shdescription,10,35,5,2,0,0,1,0,2396,pg_catalog,pg_shdescription,0,0,3,0,0,0,0,0,3,0,0,0,2024-06-14 00:25:46.828527+00,,2024-06-26 23:46:03.001867+00,,1,0,19,0
1719457505.906756,3602,pg_catalog,pg_ts_config,2,14618,4,21872,,,,,3602,pg_catalog,pg_ts_config,0,0,14584,14584,0,0,0,0,29,0,0,0,,,2024-06-26 23:46:03.002049+00,,0,0,18,0
1719457505.906756,3603,pg_catalog,pg_ts_config_map,7,65,0,0,,,,,3603,pg_catalog,pg_ts_config_map,0,0,0,0,0,0,0,0,551,0,0,0,,,2024-06-26 23:46:03.002387+00,,0,0,18,0
1719457505.906756,3600,pg_catalog,pg_ts_dict,3,33,0,0,0,0,0,0,3600,pg_catalog,pg_ts_dict,0,0,0,0,0,0,0,0,29,0,0,0,,,2024-06-26 23:46:03.002577+00,,0,0,18,0
1719457505.906756,3601,pg_catalog,pg_ts_parser,3,33,0,0,,,,,3601,pg_catalog,pg_ts_parser,0,0,0,0,0,0,0,0,1,0,0,0,,,2024-06-26 23:46:03.002764+00,,0,0,18,0
1719457505.906756,3764,pg_catalog,pg_ts_template,3,33,0,0,,,,,3764,pg_catalog,pg_ts_template,0,0,0,0,0,0,0,0,5,0,0,0,,,2024-06-26 23:46:03.002927+00,,0,0,18,0
1719457505.906756,3079,pg_catalog,pg_extension,3,33,0,0,0,0,0,0,3079,pg_catalog,pg_extension,0,0,0,0,0,0,0,0,1,0,0,0,,,2024-06-26 23:46:03.003147+00,,0,0,18,0
1719457505.906756,2328,pg_catalog,pg_foreign_data_wrapper,0,0,0,0,0,0,0,0,2328,pg_catalog,pg_foreign_data_wrapper,0,0,0,0,0,0,0,0,0,0,0,0,,,2024-06-26 23:46:03.003249+00,,0,0,18,0
1719457505.906756,1417,pg_catalog,pg_foreign_server,0,0,0,0,0,0,0,0,1417,pg_catalog,pg_foreign_server,0,0,0,0,0,0,0,0,0,0,0,0,,,2024-06-26 23:46:03.00331+00,,0,0,18,0
1719457505.906756,3256,pg_catalog,pg_policy,0,0,2,158,0,0,0,0,3256,pg_catalog,pg_policy,80,0,0,0,0,0,0,0,0,0,0,0,,,2024-06-26 23:46:03.003415+00,,0,0,18,0
1719457505.906756,6000,pg_catalog,pg_replication_origin,0,0,2,0,0,0,1,0,6000,pg_catalog,pg_replication_origin,0,0,0,0,0,0,0,0,0,0,0,0,2024-06-14 00:25:46.862166+00,,2024-06-26 23:46:03.003478+00,,1,0,19,0
1719457505.906756,826,pg_catalog,pg_default_acl,0,0,1,163,0,0,0,0,826,pg_catalog,pg_default_acl,0,0,82,0,0,0,0,0,0,0,0,0,,,2024-06-26 23:46:03.003554+00,,0,0,18,0
1719457505.906756,3394,pg_catalog,pg_init_privs,7,65,2,3763,0,0,0,0,3394,pg_catalog,pg_init_privs,0,0,3745,0,0,0,0,0,213,0,0,0,,,2024-06-26 23:46:03.003787+00,,0,0,18,0
1719457505.906756,3596,pg_catalog,pg_seclabel,0,0,1,7489,0,0,0,0,3596,pg_catalog,pg_seclabel,0,0,3745,0,0,0,0,0,0,0,0,0,,,2024-06-26 23:46:03.003916+00,,0,0,18,0
1719457505.906756,3592,pg_catalog,pg_shseclabel,0,0,3,4,0,0,1,0,3592,pg_catalog,pg_shseclabel,0,0,3,0,0,0,0,0,0,0,0,0,2024-06-14 00:25:46.863107+00,,2024-06-26 23:46:03.003961+00,,1,0,19,0
1719457505.906756,3456,pg_catalog,pg_collation,32,945,6,3812,0,0,0,0,3456,pg_catalog,pg_collation,0,0,1892,491,0,0,0,0,1459,0,0,0,,,2024-06-26 23:46:03.006197+00,,0,0,18,0
1719457505.906756,6243,pg_catalog,pg_parameter_acl,0,0,2,0,0,0,1,0,6243,pg_catalog,pg_parameter_acl,0,0,0,0,0,0,0,0,0,0,0,0,2024-06-14 00:25:46.863603+00,,2024-06-26 23:46:03.00631+00,,1,0,19,0
1719457505.906756,3350,pg_catalog,pg_partitioned_table,0,0,0,0,0,0,0,0,3350,pg_catalog,pg_partitioned_table,0,0,0,0,0,0,0,0,0,0,0,0,,,2024-06-26 23:46:03.006366+00,,0,0,18,0
1719457505.906756,3541,pg_catalog,pg_range,2,34,4,448,,,,,3541,pg_catalog,pg_range,0,0,226,0,0,0,0,0,6,0,0,0,,,2024-06-26 23:46:03.006525+00,,0,0,18,0
1719457505.906756,3576,pg_catalog,pg_transform,0,0,0,0,,,,,3576,pg_catalog,pg_transform,0,0,0,0,0,0,0,0,0,0,0,0,,,2024-06-26 23:46:03.006625+00,,0,0,18,0
1719457505.906756,2224,pg_catalog,pg_sequence,2,94,3,97,,,,,2224,pg_catalog,pg_sequence,0,0,39,39,20,0,19,0,1,19,2,20,,,2024-06-26 23:46:03.006758+00,,0,0,18,0
1719457505.906756,6104,pg_catalog,pg_publication,0,0,2,478,,,,,6104,pg_catalog,pg_publication,371,0,0,0,0,0,0,0,0,0,0,0,,,2024-06-26 23:46:03.006871+00,,0,0,18,0
1719457505.906756,6237,pg_catalog,pg_publication_namespace,0,0,2,348,,,,,6237,pg_catalog,pg_publication_namespace,0,0,95,0,0,0,0,0,0,0,0,0,,,2024-06-26 23:46:03.006928+00,,0,0,18,0
1719457505.906756,6106,pg_catalog,pg_publication_rel,0,0,3,429,0,0,0,0,6106,pg_catalog,pg_publication_rel,0,0,96,0,0,0,0,0,0,0,0,0,,,2024-06-26 23:46:03.007+00,,0,0,18,0
1719457505.906756,6102,pg_catalog,pg_subscription_rel,0,0,0,0,,,,,6102,pg_catalog,pg_subscription_rel,762,0,0,0,0,0,0,0,0,0,0,0,,,2024-06-26 23:46:03.007045+00,,0,0,18,0
1719457505.906756,2613,pg_catalog,pg_largeobject,0,0,0,0,,,,,2613,pg_catalog,pg_largeobject,0,0,0,0,0,0,0,0,0,0,0,0,,,2024-06-26 23:46:03.007111+00,,0,0,18,0
1719457505.906756,14042,pg_toast,pg_toast_14039,0,0,0,0,,,,,14042,pg_toast,pg_toast_14039,0,0,0,0,0,0,0,0,0,0,0,0,,,,,0,0,0,0
1719457505.906756,14039,information_schema,sql_features,9,153,,,0,0,0,0,14039,information_schema,sql_features,0,0,,,0,0,0,0,714,0,0,0,,,2024-06-26 23:46:03.00851+00,,0,0,18,0
1719457505.906756,14047,pg_toast,pg_toast_14044,0,0,0,0,,,,,14047,pg_toast,pg_toast_14044,0,0,0,0,0,0,0,0,0,0,0,0,,,,,0,0,0,0
1719457505.906756,14044,information_schema,sql_implementation_info,2,34,,,0,0,0,0,14044,information_schema,sql_implementation_info,0,0,,,0,0,0,0,12,0,0,0,,,2024-06-26 23:46:03.008705+00,,0,0,18,0
1719457505.906756,14052,pg_toast,pg_toast_14049,0,0,0,0,,,,,14052,pg_toast,pg_toast_14049,0,0,0,0,0,0,0,0,0,0,0,0,,,,,0,0,0,0
1719457505.906756,14049,information_schema,sql_parts,2,34,,,0,0,0,0,14049,information_schema,sql_parts,0,0,,,0,0,0,0,10,0,0,0,,,2024-06-26 23:46:03.008863+00,,0,0,18,0
1719457505.906756,14057,pg_toast,pg_toast_14054,0,0,0,0,,,,,14057,pg_toast,pg_toast_14054,0,0,0,0,0,0,0,0,0,0,0,0,,,,,0,0,0,0
1719457505.906756,14054,information_schema,sql_sizing,2,34,,,0,0,0,0,14054,information_schema,sql_sizing,0,0,,,0,0,0,0,23,0,0,0,,,2024-06-26 23:46:03.009028+00,,0,0,18,0
1719457505.906756,4268108,public,store_sales,0,0,,,,,,,4268108,public,store_sales,0,0,,,0,0,0,0,0,0,0,0,,,,,0,0,0,0
1719457505.906756,4268111,public,store_returns,0,0,,,,,,,4268111,public,store_returns,0,0,,,0,0,0,0,0,0,0,0,,,,,0,0,0,0
1719457505.906756,4268114,public,catalog_sales,0,0,,,,,,,4268114,public,catalog_sales,0,0,,,0,0,0,0,0,0,0,0,,,,,0,0,0,0
1719457505.906756,4268117,public,catalog_returns,0,0,,,,,,,4268117,public,catalog_returns,0,0,,,0,0,0,0,0,0,0,0,,,,,0,0,0,0
1719457505.906756,4268120,public,web_sales,0,0,,,,,,,4268120,public,web_sales,0,0,,,0,0,0,0,0,0,0,0,,,,,0,0,0,0
1719457505.906756,4268123,public,web_returns,0,0,,,,,,,4268123,public,web_returns,0,0,,,0,0,0,0,0,0,0,0,,,,,0,0,0,0
1719457505.906756,4268126,public,inventory,0,0,,,,,,,4268126,public,inventory,0,0,,,0,0,0,0,0,0,0,0,,,,,0,0,0,0
1719457505.906756,4268132,pg_toast,pg_toast_4268129,0,0,0,0,,,,,4268132,pg_toast,pg_toast_4268129,1,0,0,0,0,0,0,0,0,0,0,0,,,,,0,0,0,0
1719457505.906756,4268129,public,store,0,0,,,0,0,0,0,4268129,public,store,0,0,,,0,0,0,0,0,0,0,0,,,,,0,0,0,0
1719457505.906756,4268137,pg_toast,pg_toast_4268134,0,0,0,0,,,,,4268137,pg_toast,pg_toast_4268134,1,0,0,0,0,0,0,0,0,0,0,0,,,,,0,0,0,0
1719457505.906756,4268134,public,call_center,0,0,,,0,0,0,0,4268134,public,call_center,0,0,,,0,0,0,0,0,0,0,0,,,,,0,0,0,0
1719457505.906756,4268139,public,catalog_page,0,0,,,,,,,4268139,public,catalog_page,0,0,,,0,0,0,0,0,0,0,0,,,,,0,0,0,0
1719457505.906756,4268145,pg_toast,pg_toast_4268142,0,0,0,0,,,,,4268145,pg_toast,pg_toast_4268142,1,0,0,0,0,0,0,0,0,0,0,0,,,,,0,0,0,0
1719457505.906756,4268142,public,web_site,0,0,,,0,0,0,0,4268142,public,web_site,0,0,,,0,0,0,0,0,0,0,0,,,,,0,0,0,0
1719457505.906756,4268147,public,web_page,0,0,,,,,,,4268147,public,web_page,0,0,,,0,0,0,0,0,0,0,0,,,,,0,0,0,0
1719457505.906756,4268150,public,warehouse,0,0,,,,,,,4268150,public,warehouse,0,0,,,0,0,0,0,0,0,0,0,,,,,0,0,0,0
1719457505.906756,4268153,public,customer,0,0,,,,,,,4268153,public,customer,0,0,,,0,0,0,0,0,0,0,0,,,,,0,0,0,0
1719457505.906756,4268156,public,customer_address,0,0,,,,,,,4268156,public,customer_address,0,0,,,0,0,0,0,0,0,0,0,,,,,0,0,0,0
1719457505.906756,4268159,public,customer_demographics,0,0,,,,,,,4268159,public,customer_demographics,0,0,,,0,0,0,0,0,0,0,0,,,,,0,0,0,0
1719457505.906756,4268162,public,date_dim,0,0,,,,,,,4268162,public,date_dim,0,0,,,0,0,0,0,0,0,0,0,,,,,0,0,0,0
1719457505.906756,4268165,public,household_demographics,0,0,,,,,,,4268165,public,household_demographics,0,0,,,0,0,0,0,0,0,0,0,,,,,0,0,0,0
1719457505.906756,4268171,pg_toast,pg_toast_4268168,0,0,0,0,,,,,4268171,pg_toast,pg_toast_4268168,1,0,0,0,0,0,0,0,0,0,0,0,,,,,0,0,0,0
1719457505.906756,4268168,public,item,0,0,,,0,0,0,0,4268168,public,item,0,0,,,0,0,0,0,0,0,0,0,,,,,0,0,0,0
1719457505.906756,4268173,public,income_band,0,0,,,,,,,4268173,public,income_band,0,0,,,0,0,0,0,0,0,0,0,,,,,0,0,0,0
1719457505.906756,4268176,public,promotion,0,0,,,,,,,4268176,public,promotion,0,0,,,0,0,0,0,0,0,0,0,,,,,0,0,0,0
1719457505.906756,4268179,public,reason,0,0,,,,,,,4268179,public,reason,0,0,,,0,0,0,0,0,0,0,0,,,,,0,0,0,0
1719457505.906756,4268182,public,ship_mode,0,0,,,,,,,4268182,public,ship_mode,0,0,,,0,0,0,0,0,0,0,0,,,,,0,0,0,0
1719457505.906756,4268185,public,time_dim,0,0,,,,,,,4268185,public,time_dim,0,0,,,0,0,0,0,0,0,0,0,,,,,0,0,0,0
1719457505.906756,4268191,pg_toast,pg_toast_4268188,0,0,0,0,,,,,4268191,pg_toast,pg_toast_4268188,1,0,0,0,0,0,0,0,0,0,0,0,,,,,0,0,0,0
1719457505.906756,4268188,public,time_statistics,0,0,,,0,0,0,0,4268188,public,time_statistics,0,0,,,0,0,0,0,0,0,0,0,,,,,0,0,0,0
1719457505.906756,4268193,public,s_purchase_lineitem,0,0,,,,,,,4268193,public,s_purchase_lineitem,0,0,,,0,0,0,0,0,0,0,0,,,,,0,0,0,0
1719457505.906756,4268196,public,s_purchase,0,0,,,,,,,4268196,public,s_purchase,0,0,,,0,0,0,0,0,0,0,0,,,,,0,0,0,0
1719457505.906756,4268199,public,s_catalog_order,0,0,,,,,,,4268199,public,s_catalog_order,0,0,,,0,0,0,0,0,0,0,0,,,,,0,0,0,0
1719457505.906756,4268202,public,s_web_order,0,0,,,,,,,4268202,public,s_web_order,0,0,,,0,0,0,0,0,0,0,0,,,,,0,0,0,0
1719457505.906756,4268205,public,s_catalog_order_lineitem,0,0,,,,,,,4268205,public,s_catalog_order_lineitem,0,0,,,0,0,0,0,0,0,0,0,,,,,0,0,0,0
1719457505.906756,4268208,public,s_web_order_lineitem,0,0,,,,,,,4268208,public,s_web_order_lineitem,0,0,,,0,0,0,0,0,0,0,0,,,,,0,0,0,0
1719457505.906756,4268211,public,s_store_returns,0,0,,,,,,,4268211,public,s_store_returns,0,0,,,0,0,0,0,0,0,0,0,,,,,0,0,0,0
1719457505.906756,4268214,public,s_catalog_returns,0,0,,,,,,,4268214,public,s_catalog_returns,0,0,,,0,0,0,0,0,0,0,0,,,,,0,0,0,0
1719457505.906756,4268217,public,s_web_returns,0,0,,,,,,,4268217,public,s_web_returns,0,0,,,0,0,0,0,0,0,0,0,,,,,0,0,0,0
