# hostname;interval;timestamp;DEV;tps;rd_sec/s;wr_sec/s;avgrq-sz;avgqu-sz;await;svctm;%util
z15rhel7;60;1707240425;vda;991.25;261656.28;56.18;264.02;7.53;7.59;0.99;98.37
z15rhel7;60;1707240425;sr0;0.00;0.00;0.00;0.00;0.00;0.00;0.00;0.00
z15rhel7;60;1707240485;vda;1066.78;300687.73;70.93;281.93;8.42;7.89;0.93;98.90
z15rhel7;60;1707240485;sr0;0.00;0.00;0.00;0.00;0.00;0.00;0.00;0.00
z15rhel7;60;1707240545;vda;1211.85;371150.03;23.82;306.29;9.71;8.02;0.81;98.38
z15rhel7;60;1707240545;sr0;0.00;0.00;0.00;0.00;0.00;0.00;0.00;0.00
z15rhel7;60;1707240605;vda;1136.40;363269.80;21.35;319.69;11.23;9.88;0.87;98.47
z15rhel7;60;1707240605;sr0;0.00;0.00;0.00;0.00;0.00;0.00;0.00;0.00
z15rhel7;60;1707240665;vda;1295.18;201994.47;61.31;156.01;9.20;7.10;0.76;98.65
z15rhel7;60;1707240665;sr0;0.00;0.00;0.00;0.00;0.00;0.00;0.00;0.00
z15rhel7;60;1707240725;vda;1274.13;331780.82;50.65;260.44;12.94;10.15;0.77;98.38
z15rhel7;60;1707240725;sr0;0.00;0.00;0.00;0.00;0.00;0.00;0.00;0.00
z15rhel7;60;1707240785;vda;985.47;396729.40;635.13;403.22;14.03;14.24;0.98;96.87
z15rhel7;60;1707240785;sr0;0.00;0.00;0.00;0.00;0.00;0.00;0.00;0.00
z15rhel7;60;1707240845;vda;885.12;371360.64;387.54;420.00;7.79;8.80;1.10;97.73
z15rhel7;60;1707240845;sr0;0.00;0.00;0.00;0.00;0.00;0.00;0.00;0.00
z15rhel7;60;1707240905;vda;1102.08;289710.13;46.72;262.92;7.25;6.58;0.90;98.68
z15rhel7;60;1707240905;sr0;0.00;0.00;0.00;0.00;0.00;0.00;0.00;0.00
z15rhel7;60;1707240965;vda;1409.72;236257.47;98.87;167.66;8.38;5.95;0.70;99.38
z15rhel7;60;1707240965;sr0;0.00;0.00;0.00;0.00;0.00;0.00;0.00;0.00
z15rhel7;60;1707241025;vda;1375.47;220730.40;86.72;160.54;9.65;7.02;0.72;99.05
z15rhel7;60;1707241025;sr0;0.00;0.00;0.00;0.00;0.00;0.00;0.00;0.00
z15rhel7;60;1707241085;vda;1108.73;254278.93;52.48;229.39;10.65;9.60;0.89;98.43
z15rhel7;60;1707241085;sr0;0.00;0.00;0.00;0.00;0.00;0.00;0.00;0.00
z15rhel7;60;1707241145;vda;1158.38;290764.40;71.83;251.07;8.74;7.54;0.85;98.48
z15rhel7;60;1707241145;sr0;0.00;0.00;0.00;0.00;0.00;0.00;0.00;0.00
z15rhel7;60;1707241205;vda;1267.43;91027.63;34.97;71.85;6.24;4.92;0.79;99.55
z15rhel7;60;1707241205;sr0;0.00;0.00;0.00;0.00;0.00;0.00;0.00;0.00
z15rhel7;60;1707241265;vda;804.23;353152.95;79.99;439.22;10.20;12.68;1.16;93.20
z15rhel7;60;1707241265;sr0;0.00;0.00;0.00;0.00;0.00;0.00;0.00;0.00
z15rhel7;60;1707241325;vda;821.22;356898.53;44.12;434.65;6.32;7.69;1.19;97.98
z15rhel7;60;1707241325;sr0;0.00;0.00;0.00;0.00;0.00;0.00;0.00;0.00
z15rhel7;60;1707241385;vda;951.24;306069.12;72.10;321.83;5.88;6.18;1.02;96.90
z15rhel7;60;1707241385;sr0;0.00;0.00;0.00;0.00;0.00;0.00;0.00;0.00
z15rhel7;60;1707241445;vda;947.85;236666.40;114.40;249.81;6.23;6.57;1.04;99.03
z15rhel7;60;1707241445;sr0;0.00;0.00;0.00;0.00;0.00;0.00;0.00;0.00
z15rhel7;60;1707241505;vda;574.48;372699.27;64.36;648.87;10.24;17.83;1.58;90.99
z15rhel7;60;1707241505;sr0;0.00;0.00;0.00;0.00;0.00;0.00;0.00;0.00
z15rhel7;60;1707241565;vda;1013.00;220370.87;39.01;217.58;6.10;6.02;0.96;97.15
z15rhel7;60;1707241565;sr0;0.00;0.00;0.00;0.00;0.00;0.00;0.00;0.00
z15rhel7;60;1707241625;vda;510.48;401238.57;66.38;786.13;8.36;16.39;1.80;91.95
z15rhel7;60;1707241625;sr0;0.00;0.00;0.00;0.00;0.00;0.00;0.00;0.00
z15rhel7;60;1707241685;vda;1276.15;336278.20;53.00;263.55;8.00;6.26;0.77;98.75
z15rhel7;60;1707241685;sr0;0.00;0.00;0.00;0.00;0.00;0.00;0.00;0.00
z15rhel7;60;1707241745;vda;1545.93;338833.47;78.75;219.23;8.84;5.72;0.64;98.67
z15rhel7;60;1707241745;sr0;0.00;0.00;0.00;0.00;0.00;0.00;0.00;0.00
z15rhel7;60;1707241805;vda;1426.57;217882.80;54.92;152.77;7.18;5.04;0.69;98.97
z15rhel7;60;1707241805;sr0;0.00;0.00;0.00;0.00;0.00;0.00;0.00;0.00
z15rhel7;60;1707241865;vda;1474.18;200655.07;58.60;136.15;7.69;5.21;0.67;99.45
z15rhel7;60;1707241865;sr0;0.00;0.00;0.00;0.00;0.00;0.00;0.00;0.00
z15rhel7;60;1707241925;vda;1561.88;353224.80;58.77;226.19;14.95;9.57;0.63;98.37
z15rhel7;60;1707241925;sr0;0.00;0.00;0.00;0.00;0.00;0.00;0.00;0.00
z15rhel7;60;1707241985;vda;1588.82;403145.60;47.88;253.77;15.89;10.00;0.62;98.07
z15rhel7;60;1707241985;sr0;0.00;0.00;0.00;0.00;0.00;0.00;0.00;0.00
z15rhel7;60;1707242045;vda;1526.22;391514.27;40.95;256.55;14.68;9.62;0.64;98.42
z15rhel7;60;1707242045;sr0;0.00;0.00;0.00;0.00;0.00;0.00;0.00;0.00
z15rhel7;60;1707242105;vda;1347.62;227319.63;53.18;168.72;9.81;7.28;0.74;99.18
z15rhel7;60;1707242105;sr0;0.00;0.00;0.00;0.00;0.00;0.00;0.00;0.00
z15rhel7;60;1707242165;vda;1420.00;313389.90;68.33;220.75;12.88;9.07;0.69;98.60
z15rhel7;60;1707242165;sr0;0.00;0.00;0.00;0.00;0.00;0.00;0.00;0.00
z15rhel7;60;1707242225;vda;1587.57;140822.52;56.52;88.74;5.95;3.75;0.63;99.50
z15rhel7;60;1707242225;sr0;0.00;0.00;0.00;0.00;0.00;0.00;0.00;0.00
z15rhel7;60;1707242285;vda;1518.98;308449.20;42.70;203.09;7.02;4.62;0.65;99.17
z15rhel7;60;1707242285;sr0;0.00;0.00;0.00;0.00;0.00;0.00;0.00;0.00
z15rhel7;60;1707242345;vda;1429.53;377059.87;45.32;263.80;11.70;8.19;0.69;98.68
z15rhel7;60;1707242345;sr0;0.00;0.00;0.00;0.00;0.00;0.00;0.00;0.00
z15rhel7;60;1707242405;vda;645.03;436866.27;56.57;677.36;8.53;13.22;1.47;94.83
z15rhel7;60;1707242405;sr0;0.00;0.00;0.00;0.00;0.00;0.00;0.00;0.00
z15rhel7;60;1707242465;vda;932.16;278134.09;59.11;298.44;7.18;7.70;1.05;97.75
z15rhel7;60;1707242465;sr0;0.00;0.00;0.00;0.00;0.00;0.00;0.00;0.00
z15rhel7;60;1707242525;vda;878.78;349718.93;56.20;398.02;7.31;8.32;1.10;96.92
z15rhel7;60;1707242525;sr0;0.00;0.00;0.00;0.00;0.00;0.00;0.00;0.00
z15rhel7;60;1707242585;vda;1567.07;112353.73;123.33;71.78;3.79;2.42;0.64;99.52
z15rhel7;60;1707242585;sr0;0.00;0.00;0.00;0.00;0.00;0.00;0.00;0.00
z15rhel7;60;1707242645;vda;1202.42;428140.49;74.66;356.13;11.38;9.47;0.80;96.42
z15rhel7;60;1707242645;sr0;0.00;0.00;0.00;0.00;0.00;0.00;0.00;0.00
z15rhel7;60;1707242705;vda;967.31;437218.73;71.99;452.07;7.75;8.01;1.00;96.83
z15rhel7;60;1707242705;sr0;0.00;0.00;0.00;0.00;0.00;0.00;0.00;0.00
z15rhel7;60;1707242765;vda;1451.61;325433.76;87.20;224.25;7.56;5.21;0.67;97.97
z15rhel7;60;1707242765;sr0;0.00;0.00;0.00;0.00;0.00;0.00;0.00;0.00
z15rhel7;60;1707242825;vda;695.82;470912.76;69.06;676.87;8.48;12.19;1.37;95.22
z15rhel7;60;1707242825;sr0;0.00;0.00;0.00;0.00;0.00;0.00;0.00;0.00
z15rhel7;60;1707242885;vda;1094.67;281503.20;81.68;257.23;7.57;6.92;0.90;98.93
z15rhel7;60;1707242885;sr0;0.00;0.00;0.00;0.00;0.00;0.00;0.00;0.00
z15rhel7;60;1707242945;vda;1068.93;358050.27;50.62;335.01;9.48;8.87;0.92;98.45
z15rhel7;60;1707242945;sr0;0.00;0.00;0.00;0.00;0.00;0.00;0.00;0.00
z15rhel7;60;1707243005;vda;944.92;318796.40;34.08;337.42;9.93;10.51;1.04;98.45
z15rhel7;60;1707243005;sr0;0.00;0.00;0.00;0.00;0.00;0.00;0.00;0.00
z15rhel7;60;1707243065;vda;1321.29;155836.45;61.78;117.99;7.01;5.31;0.75;99.33
z15rhel7;60;1707243065;sr0;0.00;0.00;0.00;0.00;0.00;0.00;0.00;0.00
z15rhel7;60;1707243125;vda;1105.18;85295.73;77.82;77.25;3.79;3.43;0.90;99.80
z15rhel7;60;1707243125;sr0;0.00;0.00;0.00;0.00;0.00;0.00;0.00;0.00
z15rhel7;60;1707243185;vda;1221.52;375908.45;32.38;307.77;13.22;10.82;0.79;97.05
z15rhel7;60;1707243185;sr0;0.00;0.00;0.00;0.00;0.00;0.00;0.00;0.00
z15rhel7;60;1707243245;vda;862.96;358309.78;155.01;415.39;8.00;9.27;1.07;92.58
z15rhel7;60;1707243245;sr0;0.00;0.00;0.00;0.00;0.00;0.00;0.00;0.00
z15rhel7;60;1707243305;vda;756.72;389925.87;24.78;515.32;8.52;11.26;1.29;97.53
z15rhel7;60;1707243305;sr0;0.00;0.00;0.00;0.00;0.00;0.00;0.00;0.00
z15rhel7;60;1707243365;vda;1255.25;225887.63;74.98;180.01;5.10;4.06;0.79;98.88
z15rhel7;60;1707243365;sr0;0.00;0.00;0.00;0.00;0.00;0.00;0.00;0.00
z15rhel7;60;1707243425;vda;1143.70;159360.53;60.73;139.39;5.16;4.51;0.87;99.17
z15rhel7;60;1707243425;sr0;0.00;0.00;0.00;0.00;0.00;0.00;0.00;0.00
z15rhel7;60;1707243485;vda;1270.79;229587.60;91.73;180.74;6.47;5.09;0.78;99.05
z15rhel7;60;1707243485;sr0;0.00;0.00;0.00;0.00;0.00;0.00;0.00;0.00
z15rhel7;60;1707243545;vda;1130.58;326295.90;59.13;288.66;10.83;9.58;0.87;98.78
z15rhel7;60;1707243545;sr0;0.00;0.00;0.00;0.00;0.00;0.00;0.00;0.00
z15rhel7;60;1707243605;vda;982.17;343695.25;42.61;349.98;10.28;10.46;0.96;94.73
z15rhel7;60;1707243605;sr0;0.00;0.00;0.00;0.00;0.00;0.00;0.00;0.00
z15rhel7;60;1707243665;vda;977.50;339265.47;52.23;347.13;7.68;7.85;1.00;98.12
z15rhel7;60;1707243665;sr0;0.00;0.00;0.00;0.00;0.00;0.00;0.00;0.00
z15rhel7;60;1707243725;vda;770.50;456176.13;61.35;592.13;9.58;12.43;1.27;98.03
z15rhel7;60;1707243725;sr0;0.00;0.00;0.00;0.00;0.00;0.00;0.00;0.00
z15rhel7;60;1707243785;vda;1635.62;132307.20;101.83;80.95;5.11;3.13;0.61;99.27
z15rhel7;60;1707243785;sr0;0.00;0.00;0.00;0.00;0.00;0.00;0.00;0.00
z15rhel7;60;1707243845;vda;1538.47;356040.13;95.25;231.49;9.04;5.87;0.64;98.40
z15rhel7;60;1707243845;sr0;0.00;0.00;0.00;0.00;0.00;0.00;0.00;0.00
z15rhel7;60;1707243905;vda;1196.30;313188.40;62.42;261.85;10.69;8.94;0.82;98.55
z15rhel7;60;1707243905;sr0;0.00;0.00;0.00;0.00;0.00;0.00;0.00;0.00
z15rhel7;60;1707243965;vda;1291.90;226793.87;62.65;175.60;6.71;5.19;0.77;99.32
z15rhel7;60;1707243965;sr0;0.00;0.00;0.00;0.00;0.00;0.00;0.00;0.00
